"s","nationality","birthYear"
"http://fr.dbpedia.org/resource/Aarne_Ehojoki","http://fr.dbpedia.org/resource/Finlande",1913
"http://fr.dbpedia.org/resource/Aarne_Ervi","http://fr.dbpedia.org/resource/Finlande",1910
"http://fr.dbpedia.org/resource/Aarne_Hytönen","http://fr.dbpedia.org/resource/Finlande",1901
"http://fr.dbpedia.org/resource/Aarno_Ruusuvuori","http://fr.dbpedia.org/resource/Finlande",1925
"http://fr.dbpedia.org/resource/Abel_Camille_Filuzeau","http://fr.dbpedia.org/resource/France",1860
"http://fr.dbpedia.org/resource/Achille-Jacques_Fédel","http://fr.dbpedia.org/resource/France",1795
"http://fr.dbpedia.org/resource/Achille_Ambialet","http://fr.dbpedia.org/resource/France",1838
"http://fr.dbpedia.org/resource/Adam_Dettloff","http://fr.dbpedia.org/resource/Autriche",1851
"http://fr.dbpedia.org/resource/Adolf_Láng","http://fr.dbpedia.org/resource/Hongrois",1848
"http://fr.dbpedia.org/resource/Adolf_Melander","http://fr.dbpedia.org/resource/Suède",1845
"http://fr.dbpedia.org/resource/Adolf_von_Hildebrand","http://fr.dbpedia.org/resource/Empire_allemand",1847
"http://fr.dbpedia.org/resource/Adolphe_Fraisse","http://fr.dbpedia.org/resource/Suisse",1835
"http://fr.dbpedia.org/resource/Adolphe_Lance","http://fr.dbpedia.org/resource/France",1813
"http://fr.dbpedia.org/resource/Adolphe_Samyn","http://fr.dbpedia.org/resource/Belgique",1842
"http://fr.dbpedia.org/resource/Adolphe_Thiers_(architecte)","http://fr.dbpedia.org/resource/France",1878
"http://fr.dbpedia.org/resource/Adriano_Cristofali","http://fr.dbpedia.org/resource/Italie",1718
"http://fr.dbpedia.org/resource/Agis-Léon_Ledru","http://fr.dbpedia.org/resource/France",1816
"http://fr.dbpedia.org/resource/Aimable_Delune","http://fr.dbpedia.org/resource/Belgique",1866
"http://fr.dbpedia.org/resource/Aino_Aalto","http://fr.dbpedia.org/resource/Finlande",1894
"http://fr.dbpedia.org/resource/Akseli_Toivonen","http://fr.dbpedia.org/resource/Finlande",1887
"http://fr.dbpedia.org/resource/Al_Baxter","http://fr.dbpedia.org/resource/Australie",1977
"http://fr.dbpedia.org/resource/Alajos_Hauszmann","http://fr.dbpedia.org/resource/Hongrois",1847
"http://fr.dbpedia.org/resource/Alar_Kotli","http://fr.dbpedia.org/resource/Estonie",1904
"http://fr.dbpedia.org/resource/Albert_Ballu","http://fr.dbpedia.org/resource/France",1849
"http://fr.dbpedia.org/resource/Albert_Nyberg","http://fr.dbpedia.org/resource/Finlande",1877
"http://fr.dbpedia.org/resource/Albert_Speer","http://fr.dbpedia.org/resource/Allemagne",1905
"http://fr.dbpedia.org/resource/Alberto_Izzo","http://fr.dbpedia.org/resource/Italie",1932
"http://fr.dbpedia.org/resource/Alberto_Sartoris","http://fr.dbpedia.org/resource/Italie",1901
"http://fr.dbpedia.org/resource/Aldo_Rossi","http://fr.dbpedia.org/resource/Italie",1931
"http://fr.dbpedia.org/resource/Alejandro_Aravena","http://fr.dbpedia.org/resource/Chili",1967
"http://fr.dbpedia.org/resource/Aleksandrs_Birzenieks","http://fr.dbpedia.org/resource/Lettons",1893
"http://fr.dbpedia.org/resource/Alessandro_Moscardi","http://fr.dbpedia.org/resource/Italie",1969
"http://fr.dbpedia.org/resource/Alessandro_Sanquirico","http://fr.dbpedia.org/resource/Italie",1777
"http://fr.dbpedia.org/resource/Alexandre_Jean-Baptiste_Guy_de_Gisors","http://fr.dbpedia.org/resource/France",1762
"http://fr.dbpedia.org/resource/Alexandre_Rodtchenko","http://fr.dbpedia.org/resource/Russie",1891
"http://fr.dbpedia.org/resource/Alexandre_Vitberg","http://fr.dbpedia.org/resource/Russie",1787
"http://fr.dbpedia.org/resource/Alexeï_Douchkine","http://fr.dbpedia.org/resource/Soviétiques",1903
"http://fr.dbpedia.org/resource/Alexeï_Douchkine","http://fr.dbpedia.org/resource/Soviétiques",1904
"http://fr.dbpedia.org/resource/Alexis_Dumont","http://fr.dbpedia.org/resource/Belgique",1877
"http://fr.dbpedia.org/resource/Alexis_Josic","http://fr.dbpedia.org/resource/Yougoslavie",1921
"http://fr.dbpedia.org/resource/Alfred_Armand","http://fr.dbpedia.org/resource/France",1805
"http://fr.dbpedia.org/resource/Alfred_Grenander","http://fr.dbpedia.org/resource/Suède",1863
"http://fr.dbpedia.org/resource/Alfred_Habegger","http://fr.dbpedia.org/resource/Suisse",1926
"http://fr.dbpedia.org/resource/Alfred_Rosenberg","http://fr.dbpedia.org/resource/Allemand",1893
"http://fr.dbpedia.org/resource/Alfredo_Baldomir","http://fr.dbpedia.org/resource/Uruguay",1884
"http://fr.dbpedia.org/resource/Alfréd_Hajós","http://fr.dbpedia.org/resource/Hongrie",1878
"http://fr.dbpedia.org/resource/Ali_Tur","http://fr.dbpedia.org/resource/Nationalité_française",1889
"http://fr.dbpedia.org/resource/Alphonse-Constance_Duboys","http://fr.dbpedia.org/resource/France",1814
"http://fr.dbpedia.org/resource/Alphonse-François_Marie_Jaÿ","http://fr.dbpedia.org/resource/France",1789
"http://fr.dbpedia.org/resource/Alphonse_Delacroix","http://fr.dbpedia.org/resource/France",1807
"http://fr.dbpedia.org/resource/Alphonse_Groothaert","http://fr.dbpedia.org/resource/Nationalité_belge",1860
"http://fr.dbpedia.org/resource/Alphonse_Hoppenbrouwers","http://fr.dbpedia.org/resource/Belgique",1930
"http://fr.dbpedia.org/resource/Alphonse_Laverrière","http://fr.dbpedia.org/resource/Suisse",1872
"http://fr.dbpedia.org/resource/Alphonse_de_Gisors","http://fr.dbpedia.org/resource/France",1796
"http://fr.dbpedia.org/resource/Alvar_Aalto","http://fr.dbpedia.org/resource/Finlande",1898
"http://fr.dbpedia.org/resource/Alvaro_Siza","http://fr.dbpedia.org/resource/Portugal",1933
"http://fr.dbpedia.org/resource/Ambroise_Baudry","http://fr.dbpedia.org/resource/France",1838
"http://fr.dbpedia.org/resource/Amos_Gitaï","http://fr.dbpedia.org/resource/Israël",1950
"http://fr.dbpedia.org/resource/Amédée_Cateland","http://fr.dbpedia.org/resource/France",1879
"http://fr.dbpedia.org/resource/Amédée_Hédin","http://fr.dbpedia.org/resource/France",1842
"http://fr.dbpedia.org/resource/Anatole_Amoudru","http://fr.dbpedia.org/resource/France",1739
"http://fr.dbpedia.org/resource/Anca_Petrescu","http://fr.dbpedia.org/resource/Roumanie",1949
"http://fr.dbpedia.org/resource/Anders_Ek","http://fr.dbpedia.org/resource/Suède",1916
"http://fr.dbpedia.org/resource/Andoche_Parthiot","http://fr.dbpedia.org/resource/France",1821
"http://fr.dbpedia.org/resource/Andra_Stevanović","http://fr.dbpedia.org/resource/Serbie",1859
"http://fr.dbpedia.org/resource/Andrea_Branzi","http://fr.dbpedia.org/resource/Italie",1938
"http://fr.dbpedia.org/resource/Andrea_Palladio","http://fr.dbpedia.org/resource/République_de_Venise",1508
"http://fr.dbpedia.org/resource/Andreas_Hallander","http://fr.dbpedia.org/resource/Danemark",1755
"http://fr.dbpedia.org/resource/André_Le_Nôtre","http://fr.dbpedia.org/resource/France",1613
"http://fr.dbpedia.org/resource/André_Ventre","http://fr.dbpedia.org/resource/France",1874
"http://fr.dbpedia.org/resource/Angelo_Mangiarotti","http://fr.dbpedia.org/resource/Italie",1921
"http://fr.dbpedia.org/resource/Angelo_Venturoli","http://fr.dbpedia.org/resource/Italiens",1749
"http://fr.dbpedia.org/resource/Anish_Kapoor","http://fr.dbpedia.org/resource/Royaume-Uni",1954
"http://fr.dbpedia.org/resource/Anne_Torcapel","http://fr.dbpedia.org/resource/Suisse",1916
"http://fr.dbpedia.org/resource/Anselmo_Fernandez","http://fr.dbpedia.org/resource/Portugal",1918
"http://fr.dbpedia.org/resource/Antoine-François_Gancel","http://fr.dbpedia.org/resource/France",1811
"http://fr.dbpedia.org/resource/Antoine-Marie_Chenavard","http://fr.dbpedia.org/resource/France",1787
"http://fr.dbpedia.org/resource/Antoine-Martin_Garnaud","http://fr.dbpedia.org/resource/France",1796
"http://fr.dbpedia.org/resource/Antoine_Salamin","http://fr.dbpedia.org/resource/Suisse",1945
"http://fr.dbpedia.org/resource/Anton_Lembit_Soans","http://fr.dbpedia.org/resource/Estonie",1885
"http://fr.dbpedia.org/resource/Antonin_Louvier","http://fr.dbpedia.org/resource/France",1818
"http://fr.dbpedia.org/resource/Antonio_Manetti","http://fr.dbpedia.org/resource/Italie",1423
"http://fr.dbpedia.org/resource/Antonio_da_Sangallo_le_Jeune","http://fr.dbpedia.org/resource/Italie",1484
"http://fr.dbpedia.org/resource/Armand_Corcelles","http://fr.dbpedia.org/resource/France",1765
"http://fr.dbpedia.org/resource/Arnold_W._Brunner","http://fr.dbpedia.org/resource/États-Unis",1857
"http://fr.dbpedia.org/resource/Arthur_Max","http://fr.dbpedia.org/resource/États-Unis",1946
"http://fr.dbpedia.org/resource/Arthur_Regnault","http://fr.dbpedia.org/resource/Nationalité_française",1839
"http://fr.dbpedia.org/resource/Arto_Sipinen","http://fr.dbpedia.org/resource/Finlande",1936
"http://fr.dbpedia.org/resource/Aubert_Parent","http://fr.dbpedia.org/resource/France",1753
"http://fr.dbpedia.org/resource/August_Boman","http://fr.dbpedia.org/resource/Finlande",1826
"http://fr.dbpedia.org/resource/August_Font_i_Carreras","http://fr.dbpedia.org/resource/Espagne",1846
"http://fr.dbpedia.org/resource/August_Krook","http://fr.dbpedia.org/resource/Finlande",1860
"http://fr.dbpedia.org/resource/August_Sicard_von_Sicardsburg","http://fr.dbpedia.org/resource/Autriche",1813
"http://fr.dbpedia.org/resource/Auguste_Cadet","http://fr.dbpedia.org/resource/Maroc",1881
"http://fr.dbpedia.org/resource/Auguste_Dubet","http://fr.dbpedia.org/resource/France",1829
"http://fr.dbpedia.org/resource/Auguste_Guenepin","http://fr.dbpedia.org/resource/France",1780
"http://fr.dbpedia.org/resource/Auguste_Monvenoux","http://fr.dbpedia.org/resource/France",1827
"http://fr.dbpedia.org/resource/Auguste_Virebent","http://fr.dbpedia.org/resource/France",1792
"http://fr.dbpedia.org/resource/Augustin_Chomel","http://fr.dbpedia.org/resource/France",1857
"http://fr.dbpedia.org/resource/Aulis_Blomstedt","http://fr.dbpedia.org/resource/Finlande",1906
"http://fr.dbpedia.org/resource/Aurelio_Galfetti","http://fr.dbpedia.org/resource/Suisse",1936
"http://fr.dbpedia.org/resource/Axel_Schultes","http://fr.dbpedia.org/resource/Allemagne",1943
"http://fr.dbpedia.org/resource/Baccio_del_Bianco","http://fr.dbpedia.org/resource/Italien",1604
"http://fr.dbpedia.org/resource/Balthazar_Lange","http://fr.dbpedia.org/resource/Norvège",1854
"http://fr.dbpedia.org/resource/Barnabé_Guimard","http://fr.dbpedia.org/resource/France",1739
"http://fr.dbpedia.org/resource/Benito_Casagrande","http://fr.dbpedia.org/resource/Finlande",1942
"http://fr.dbpedia.org/resource/Benjamin_Recordon","http://fr.dbpedia.org/resource/Suisse",1845
"http://fr.dbpedia.org/resource/Benoit_Poncet","http://fr.dbpedia.org/resource/France",1806
"http://fr.dbpedia.org/resource/Benoît-Joseph_Chatron","http://fr.dbpedia.org/resource/France",1822
"http://fr.dbpedia.org/resource/Bernard_Poyet","http://fr.dbpedia.org/resource/France",1742
"http://fr.dbpedia.org/resource/Bertalan_Árkay","http://fr.dbpedia.org/resource/Hongrois",1901
"http://fr.dbpedia.org/resource/Bertel_Jung","http://fr.dbpedia.org/resource/Finlande",1872
"http://fr.dbpedia.org/resource/Bertel_Strömmer","http://fr.dbpedia.org/resource/Finlande",1890
"http://fr.dbpedia.org/resource/Birger_Federley","http://fr.dbpedia.org/resource/Finlande",1874
"http://fr.dbpedia.org/resource/Bodo_Ebhardt","http://fr.dbpedia.org/resource/Allemagne",1865
"http://fr.dbpedia.org/resource/Bogdan_Nestorović","http://fr.dbpedia.org/resource/Serbie",1901
"http://fr.dbpedia.org/resource/Borhene_Dhaouadi","http://fr.dbpedia.org/resource/Tunisie",1980
"http://fr.dbpedia.org/resource/Boris_Bernaskoni","http://fr.dbpedia.org/resource/Russe",1977
"http://fr.dbpedia.org/resource/Borja_Huidobro","http://fr.dbpedia.org/resource/Chili",1936
"http://fr.dbpedia.org/resource/Branislav_Kojić","http://fr.dbpedia.org/resource/Serbie",1899
"http://fr.dbpedia.org/resource/Brian_Clarke","http://fr.dbpedia.org/resource/Royaume-Uni",1953
"http://fr.dbpedia.org/resource/Brigitte_Métra","http://fr.dbpedia.org/resource/France",1954
"http://fr.dbpedia.org/resource/Bruno_Granholm","http://fr.dbpedia.org/resource/Finlande",1857
"http://fr.dbpedia.org/resource/Bruno_Taut","http://fr.dbpedia.org/resource/Allemagne",1880
"http://fr.dbpedia.org/resource/Burton_Jastram","http://fr.dbpedia.org/resource/États-Unis",1910
"http://fr.dbpedia.org/resource/Camille_Albert","http://fr.dbpedia.org/resource/France",1852
"http://fr.dbpedia.org/resource/Camille_Robida","http://fr.dbpedia.org/resource/France",1880
"http://fr.dbpedia.org/resource/Carl_Axel_Setterberg","http://fr.dbpedia.org/resource/Suède",1812
"http://fr.dbpedia.org/resource/Carl_Dippell","http://fr.dbpedia.org/resource/Finlande",1855
"http://fr.dbpedia.org/resource/Carl_Fredrik_Adelcrantz","http://fr.dbpedia.org/resource/Suède",1716
"http://fr.dbpedia.org/resource/Carl_Hårleman","http://fr.dbpedia.org/resource/Suède",1700
"http://fr.dbpedia.org/resource/Carl_Milles","http://fr.dbpedia.org/resource/Suède",1875
"http://fr.dbpedia.org/resource/Carl_Nyrén","http://fr.dbpedia.org/resource/Suède",1917
"http://fr.dbpedia.org/resource/Carl_Westman","http://fr.dbpedia.org/resource/Suède",1866
"http://fr.dbpedia.org/resource/Carlo_Aymonino","http://fr.dbpedia.org/resource/Italie",1926
"http://fr.dbpedia.org/resource/Carlo_Bugatti","http://fr.dbpedia.org/resource/Italie",1856
"http://fr.dbpedia.org/resource/Carlo_Maria_Natale","http://fr.dbpedia.org/resource/Italie",1935
"http://fr.dbpedia.org/resource/Carlos_Morales_Quintana","http://fr.dbpedia.org/resource/Espagne",1970
"http://fr.dbpedia.org/resource/Carlos_Páez_Vilaró","http://fr.dbpedia.org/resource/Uruguay",1923
"http://fr.dbpedia.org/resource/Carlos_de_la_Mota_(acteur)","http://fr.dbpedia.org/resource/République_dominicaine",1975
"http://fr.dbpedia.org/resource/Carlos_de_la_Mota_(acteur)","http://fr.dbpedia.org/resource/République_dominicaine",1976
"http://fr.dbpedia.org/resource/Carmen_Azevedo","http://fr.dbpedia.org/resource/Brésil",1974
"http://fr.dbpedia.org/resource/Carolus_Lindberg","http://fr.dbpedia.org/resource/Finlande",1889
"http://fr.dbpedia.org/resource/Carter_Manny","http://fr.dbpedia.org/resource/États-Unis",1918
"http://fr.dbpedia.org/resource/Casimir_Echernier","http://fr.dbpedia.org/resource/France",1818
"http://fr.dbpedia.org/resource/Catherine_Hardwicke","http://fr.dbpedia.org/resource/États-Unis",1955
"http://fr.dbpedia.org/resource/Charle-Albert","http://fr.dbpedia.org/resource/Belgique",1821
"http://fr.dbpedia.org/resource/Charles-Bernard_Pellegrini","http://fr.dbpedia.org/resource/France",1819
"http://fr.dbpedia.org/resource/Charles-Désiré_Bourgon","http://fr.dbpedia.org/resource/France",1855
"http://fr.dbpedia.org/resource/Charles-François_Mandar","http://fr.dbpedia.org/resource/France",1757
"http://fr.dbpedia.org/resource/Charles-Gustave_Stoskopf","http://fr.dbpedia.org/resource/France",1907
"http://fr.dbpedia.org/resource/Charles-Louis_Roux-Meulien","http://fr.dbpedia.org/resource/France",1842
"http://fr.dbpedia.org/resource/Charles_Baron_(architecte)","http://fr.dbpedia.org/resource/France",1836
"http://fr.dbpedia.org/resource/Charles_Bassi","http://fr.dbpedia.org/resource/Finlande",1772
"http://fr.dbpedia.org/resource/Charles_Correa","http://fr.dbpedia.org/resource/Inde",1930
"http://fr.dbpedia.org/resource/Charles_De_Wailly","http://fr.dbpedia.org/resource/France",1730
"http://fr.dbpedia.org/resource/Charles_Durand_(architecte)","http://fr.dbpedia.org/resource/France",1824
"http://fr.dbpedia.org/resource/Charles_Fichot","http://fr.dbpedia.org/resource/France",1817
"http://fr.dbpedia.org/resource/Charles_Joseph_Pinsard","http://fr.dbpedia.org/resource/France",1819
"http://fr.dbpedia.org/resource/Charles_L'Eplattenier","http://fr.dbpedia.org/resource/Suisse",1874
"http://fr.dbpedia.org/resource/Charles_Lucas_(architecte)","http://fr.dbpedia.org/resource/France",1838
"http://fr.dbpedia.org/resource/Charles_Norry","http://fr.dbpedia.org/resource/France",1756
"http://fr.dbpedia.org/resource/Charles_Sarazin","http://fr.dbpedia.org/resource/France",1873
"http://fr.dbpedia.org/resource/Charles_Vander_Straeten","http://fr.dbpedia.org/resource/Belgique",1771
"http://fr.dbpedia.org/resource/Charles_Voysey_(architecte)","http://fr.dbpedia.org/resource/Angleterre",1857
"http://fr.dbpedia.org/resource/Charlotte_Frank","http://fr.dbpedia.org/resource/Allemagne",1959
"http://fr.dbpedia.org/resource/Charlotte_Perriand","http://fr.dbpedia.org/resource/France",1903
"http://fr.dbpedia.org/resource/Charlotte_Posenenske","http://fr.dbpedia.org/resource/Allemagne",1930
"http://fr.dbpedia.org/resource/Christian_Constantin","http://fr.dbpedia.org/resource/Suisse",1957
"http://fr.dbpedia.org/resource/Christine_Conix","http://fr.dbpedia.org/resource/Belgique",1955
"http://fr.dbpedia.org/resource/Christophe_Crépet","http://fr.dbpedia.org/resource/France",1807
"http://fr.dbpedia.org/resource/Christopher_Wren","http://fr.dbpedia.org/resource/Royaume-Uni",1632
"http://fr.dbpedia.org/resource/Claude-Émile_Perret_de_la_Menue","http://fr.dbpedia.org/resource/France",1810
"http://fr.dbpedia.org/resource/Claude_Cochet","http://fr.dbpedia.org/resource/France",1760
"http://fr.dbpedia.org/resource/Claude_Ferret","http://fr.dbpedia.org/resource/France",1907
"http://fr.dbpedia.org/resource/Claude_Fisco","http://fr.dbpedia.org/resource/Autriche",1736
"http://fr.dbpedia.org/resource/Claude_Fisco","http://fr.dbpedia.org/resource/Pays-Bas",1736
"http://fr.dbpedia.org/resource/Claudia_Niessen","http://fr.dbpedia.org/resource/Belgique",1979
"http://fr.dbpedia.org/resource/Constant_Luzitu_Mayoko","http://fr.dbpedia.org/resource/République_démocratique_du_Congo",1963
"http://fr.dbpedia.org/resource/Cottinelli_Telmo","http://fr.dbpedia.org/resource/Portugal",1897
"http://fr.dbpedia.org/resource/César_Daly","http://fr.dbpedia.org/resource/France",1811
"http://fr.dbpedia.org/resource/César_Pelli","http://fr.dbpedia.org/resource/Argentine",1926
"http://fr.dbpedia.org/resource/César_Portela","http://fr.dbpedia.org/resource/Espagne",1937
"http://fr.dbpedia.org/resource/Dag_Englund","http://fr.dbpedia.org/resource/Finlande",1906
"http://fr.dbpedia.org/resource/Dan_Flavin","http://fr.dbpedia.org/resource/États-Unis",1933
"http://fr.dbpedia.org/resource/Daniel_Boisserie","http://fr.dbpedia.org/resource/Nationalité_française",1946
"http://fr.dbpedia.org/resource/Daniel_C._McCallum","http://fr.dbpedia.org/resource/États-Unis",1815
"http://fr.dbpedia.org/resource/Daniel_Jadue","http://fr.dbpedia.org/resource/Chili",1967
"http://fr.dbpedia.org/resource/Dante_Bini","http://fr.dbpedia.org/resource/Italie",1932
"http://fr.dbpedia.org/resource/Dariush_Borbor","http://fr.dbpedia.org/resource/Iran",1934
"http://fr.dbpedia.org/resource/David_Chipperfield","http://fr.dbpedia.org/resource/Royaume-Uni",1953
"http://fr.dbpedia.org/resource/David_McMillan","http://fr.dbpedia.org/resource/Irlande_(pays)",1988
"http://fr.dbpedia.org/resource/David_Resnick","http://fr.dbpedia.org/resource/Israël",1924
"http://fr.dbpedia.org/resource/David_Sandved","http://fr.dbpedia.org/resource/Norvège",1912
"http://fr.dbpedia.org/resource/Denis_Darcy","http://fr.dbpedia.org/resource/France",1823
"http://fr.dbpedia.org/resource/Der_Scutt","http://fr.dbpedia.org/resource/États-Unis",1934
"http://fr.dbpedia.org/resource/Diego_Clemente_Giménez","http://fr.dbpedia.org/resource/Espagne",1978
"http://fr.dbpedia.org/resource/Dionisio_Lazzari","http://fr.dbpedia.org/resource/Italie",1617
"http://fr.dbpedia.org/resource/Dom_Mintoff","http://fr.dbpedia.org/resource/Malte",1916
"http://fr.dbpedia.org/resource/Domenico_Ferri_(architecte)","http://fr.dbpedia.org/resource/Italiens",1795
"http://fr.dbpedia.org/resource/Dominique_Girard","http://fr.dbpedia.org/resource/France",1829
"http://fr.dbpedia.org/resource/Donald_Judd","http://fr.dbpedia.org/resource/États-Unis",1928
"http://fr.dbpedia.org/resource/Dora_Gordine","http://fr.dbpedia.org/resource/Empire_russe",1895
"http://fr.dbpedia.org/resource/Dora_Gordine","http://fr.dbpedia.org/resource/Estonie",1895
"http://fr.dbpedia.org/resource/Dragiša_Brašovan","http://fr.dbpedia.org/resource/Yougoslaves",1887
"http://fr.dbpedia.org/resource/Dragutin_Đorđević","http://fr.dbpedia.org/resource/Serbie",1866
"http://fr.dbpedia.org/resource/Edgar_Johan_Kuusik","http://fr.dbpedia.org/resource/Estonie",1888
"http://fr.dbpedia.org/resource/Edmond_Brion","http://fr.dbpedia.org/resource/France",1885
"http://fr.dbpedia.org/resource/Edmond_Jamar","http://fr.dbpedia.org/resource/Belgique",1853
"http://fr.dbpedia.org/resource/Edmond_Leclef","http://fr.dbpedia.org/resource/Belgique",1842
"http://fr.dbpedia.org/resource/Edmund_Roman_Orlik","http://fr.dbpedia.org/resource/Pologne",1918
"http://fr.dbpedia.org/resource/Edmund_Sharpe","http://fr.dbpedia.org/resource/Royaume-Uni",1809
"http://fr.dbpedia.org/resource/Eduard_Lanz","http://fr.dbpedia.org/resource/Suisse",1886
"http://fr.dbpedia.org/resource/Eduard_van_der_Nüll","http://fr.dbpedia.org/resource/Autriche",1812
"http://fr.dbpedia.org/resource/Eduardo_Kapstein","http://fr.dbpedia.org/resource/Chili",1914
"http://fr.dbpedia.org/resource/Eduardo_Souto_de_Moura","http://fr.dbpedia.org/resource/Portugal",1952
"http://fr.dbpedia.org/resource/Edward_Welby_Pugin","http://fr.dbpedia.org/resource/Royaume-Uni",1834
"http://fr.dbpedia.org/resource/Eero_Aarnio","http://fr.dbpedia.org/resource/Finlande",1932
"http://fr.dbpedia.org/resource/Egill_Reimers","http://fr.dbpedia.org/resource/Norvège",1878
"http://fr.dbpedia.org/resource/Einari_Teräsvirta","http://fr.dbpedia.org/resource/Finlande",1914
"http://fr.dbpedia.org/resource/Eino_Pitkänen","http://fr.dbpedia.org/resource/Finlande",1904
"http://fr.dbpedia.org/resource/Elisabeth_Scott","http://fr.dbpedia.org/resource/Royaume-Uni",1898
"http://fr.dbpedia.org/resource/Elissa_Aalto","http://fr.dbpedia.org/resource/Finlande",1922
"http://fr.dbpedia.org/resource/Elsi_Borg","http://fr.dbpedia.org/resource/Finlande",1893
"http://fr.dbpedia.org/resource/Emil_Hoppe","http://fr.dbpedia.org/resource/Autriche",1876
"http://fr.dbpedia.org/resource/Emil_Wikström","http://fr.dbpedia.org/resource/Finlande",1864
"http://fr.dbpedia.org/resource/Emilio_Ambasz","http://fr.dbpedia.org/resource/Argentine",1943
"http://fr.dbpedia.org/resource/Emmanuel_Cateland","http://fr.dbpedia.org/resource/France",1876
"http://fr.dbpedia.org/resource/Emmanuel_Héré","http://fr.dbpedia.org/resource/Duché_de_Lorraine",1705
"http://fr.dbpedia.org/resource/Enrique_María_Repullés_y_Vargas","http://fr.dbpedia.org/resource/Espagne",1845
"http://fr.dbpedia.org/resource/Enrique_Maya","http://fr.dbpedia.org/resource/Espagne",1959
"http://fr.dbpedia.org/resource/Erik_Bryggman","http://fr.dbpedia.org/resource/Finlande",1891
"http://fr.dbpedia.org/resource/Erik_Dahlbergh","http://fr.dbpedia.org/resource/Suède",1625
"http://fr.dbpedia.org/resource/Ernest_Blerot","http://fr.dbpedia.org/resource/Nationalité_belge",1870
"http://fr.dbpedia.org/resource/Ernest_Brunnarius","http://fr.dbpedia.org/resource/France",1857
"http://fr.dbpedia.org/resource/Ernest_Delune","http://fr.dbpedia.org/resource/Belgique",1859
"http://fr.dbpedia.org/resource/Ernest_Dieltiens","http://fr.dbpedia.org/resource/Belgique",1848
"http://fr.dbpedia.org/resource/Ernest_François_Dainville","http://fr.dbpedia.org/resource/France",1824
"http://fr.dbpedia.org/resource/Ernst_Bernhard_Lohrmann","http://fr.dbpedia.org/resource/Finlande",1803
"http://fr.dbpedia.org/resource/Erwin_Scharf","http://fr.dbpedia.org/resource/Autriche",1901
"http://fr.dbpedia.org/resource/Eugen_Habermann","http://fr.dbpedia.org/resource/Estonie",1884
"http://fr.dbpedia.org/resource/Eugène-Toussaint_Cateland","http://fr.dbpedia.org/resource/France",1840
"http://fr.dbpedia.org/resource/Eugène_Godeboeuf","http://fr.dbpedia.org/resource/France",1809
"http://fr.dbpedia.org/resource/Eugène_Lambert_(architecte)","http://fr.dbpedia.org/resource/France",1819
"http://fr.dbpedia.org/resource/Eugène_Leseney","http://fr.dbpedia.org/resource/France",1931
"http://fr.dbpedia.org/resource/Eugène_Millet","http://fr.dbpedia.org/resource/France",1819
"http://fr.dbpedia.org/resource/Eugène_Rouyer","http://fr.dbpedia.org/resource/France",1827
"http://fr.dbpedia.org/resource/Eugène_Viollet-le-Duc","http://fr.dbpedia.org/resource/France",1814
"http://fr.dbpedia.org/resource/Evert_van_Linge","http://fr.dbpedia.org/resource/Pays-Bas",1895
"http://fr.dbpedia.org/resource/Fabio_De_Sanctis","http://fr.dbpedia.org/resource/Italie",1931
"http://fr.dbpedia.org/resource/Fabio_Rampelli","http://fr.dbpedia.org/resource/Italie",1960
"http://fr.dbpedia.org/resource/Fatoumata_Barry","http://fr.dbpedia.org/resource/Guinée",1954
"http://fr.dbpedia.org/resource/Fayez_el-Sarraj","http://fr.dbpedia.org/resource/Libye",1960
"http://fr.dbpedia.org/resource/Ferdinand_Joseph_Hippolyte_Barqui","http://fr.dbpedia.org/resource/France",1825
"http://fr.dbpedia.org/resource/Ferdinand_Meldahl","http://fr.dbpedia.org/resource/Danemark",1827
"http://fr.dbpedia.org/resource/Ferdinand_Öhman","http://fr.dbpedia.org/resource/Finlande",1831
"http://fr.dbpedia.org/resource/Ferenc_Hatlaczky","http://fr.dbpedia.org/resource/Hongrie",1934
"http://fr.dbpedia.org/resource/Feridun_Buğeker","http://fr.dbpedia.org/resource/Turquie",1933
"http://fr.dbpedia.org/resource/Fernand_Bodson","http://fr.dbpedia.org/resource/Belgique",1877
"http://fr.dbpedia.org/resource/Fernand_Petit","http://fr.dbpedia.org/resource/Belgique",1885
"http://fr.dbpedia.org/resource/Fernando_Belaúnde_Terry","http://fr.dbpedia.org/resource/Pérou",1912
"http://fr.dbpedia.org/resource/Fernando_Colomo","http://fr.dbpedia.org/resource/Espagne",1946
"http://fr.dbpedia.org/resource/Filippo_Bubbico","http://fr.dbpedia.org/resource/Italie",1954
"http://fr.dbpedia.org/resource/Fleur_Agema","http://fr.dbpedia.org/resource/Pays-Bas",1976
"http://fr.dbpedia.org/resource/Florentin_Granholm","http://fr.dbpedia.org/resource/Finlande",1836
"http://fr.dbpedia.org/resource/Florian_Schwarthoff","http://fr.dbpedia.org/resource/Allemagne",1968
"http://fr.dbpedia.org/resource/Folke_Zettervall","http://fr.dbpedia.org/resource/Suède",1862
"http://fr.dbpedia.org/resource/Francesc_Berenguer_i_Mestres","http://fr.dbpedia.org/resource/Espagne",1866
"http://fr.dbpedia.org/resource/Francesco_Fontana_(architecte)","http://fr.dbpedia.org/resource/Italie",1668
"http://fr.dbpedia.org/resource/Francesco_Laparelli","http://fr.dbpedia.org/resource/Italiens",1521
"http://fr.dbpedia.org/resource/Francesco_Saverio_Cavallari","http://fr.dbpedia.org/resource/Royaume_d'Italie_(1861-1946)",1809
"http://fr.dbpedia.org/resource/Francesco_Solimena","http://fr.dbpedia.org/resource/Italie",1657
"http://fr.dbpedia.org/resource/Francesco_Tadolini","http://fr.dbpedia.org/resource/Italiens",1723
"http://fr.dbpedia.org/resource/Francis_Metzger","http://fr.dbpedia.org/resource/Belgique",1957
"http://fr.dbpedia.org/resource/Francis_Soler","http://fr.dbpedia.org/resource/Nationalité_française",1949
"http://fr.dbpedia.org/resource/Franjo_Jenč","http://fr.dbpedia.org/resource/Autriche-Hongrie",1867
"http://fr.dbpedia.org/resource/Frank_Gehry","http://fr.dbpedia.org/resource/Canada",1929
"http://fr.dbpedia.org/resource/Frank_Gehry","http://fr.dbpedia.org/resource/États-Unis",1929
"http://fr.dbpedia.org/resource/Frank_Lloyd_Wright","http://fr.dbpedia.org/resource/États-Unis",1867
"http://fr.dbpedia.org/resource/Frans_Anatolius_Sjöström","http://fr.dbpedia.org/resource/Grand-duché_de_Finlande",1840
"http://fr.dbpedia.org/resource/Frans_Ludvig_Calonius","http://fr.dbpedia.org/resource/Finlande",1833
"http://fr.dbpedia.org/resource/Franz_Schwechten","http://fr.dbpedia.org/resource/Allemagne",1841
"http://fr.dbpedia.org/resource/Franz_Szivatz","http://fr.dbpedia.org/resource/Autriche",1925
"http://fr.dbpedia.org/resource/Franz_Tilley","http://fr.dbpedia.org/resource/Belgique",1872
"http://fr.dbpedia.org/resource/Franz_von_Stuck","http://fr.dbpedia.org/resource/République_de_Weimar",1863
"http://fr.dbpedia.org/resource/François-Alexis_Cendrier","http://fr.dbpedia.org/resource/France",1803
"http://fr.dbpedia.org/resource/François-Auguste_Cheussey","http://fr.dbpedia.org/resource/France",1781
"http://fr.dbpedia.org/resource/François-Henri_Laenen","http://fr.dbpedia.org/resource/Belgique",1801
"http://fr.dbpedia.org/resource/François-Joseph_Bélanger","http://fr.dbpedia.org/resource/France",1744
"http://fr.dbpedia.org/resource/François-Joseph_Dewandre","http://fr.dbpedia.org/resource/Principauté_de_Liège",1758
"http://fr.dbpedia.org/resource/François_Anus","http://fr.dbpedia.org/resource/France",1897
"http://fr.dbpedia.org/resource/François_Chatillon_(architecte)","http://fr.dbpedia.org/resource/France",1961
"http://fr.dbpedia.org/resource/François_Deslaugiers","http://fr.dbpedia.org/resource/France",1934
"http://fr.dbpedia.org/resource/François_Dulac","http://fr.dbpedia.org/resource/France",1834
"http://fr.dbpedia.org/resource/François_Garas","http://fr.dbpedia.org/resource/France",1866
"http://fr.dbpedia.org/resource/François_Genéty","http://fr.dbpedia.org/resource/France",1838
"http://fr.dbpedia.org/resource/François_Grivet","http://fr.dbpedia.org/resource/France",1825
"http://fr.dbpedia.org/resource/François_Guéroult","http://fr.dbpedia.org/resource/France",1745
"http://fr.dbpedia.org/resource/François_Hemelsoet","http://fr.dbpedia.org/resource/Belgique",1875
"http://fr.dbpedia.org/resource/François_Pascalon","http://fr.dbpedia.org/resource/France",1803
"http://fr.dbpedia.org/resource/François_Romain","http://fr.dbpedia.org/resource/Pays-Bas_méridionaux",1647
"http://fr.dbpedia.org/resource/Fredrik_Wilhelm_Scholander","http://fr.dbpedia.org/resource/Suède",1816
"http://fr.dbpedia.org/resource/Frieda_Brepoels","http://fr.dbpedia.org/resource/Belgique",1955
"http://fr.dbpedia.org/resource/Friedensreich_Hundertwasser","http://fr.dbpedia.org/resource/Autriche",1928
"http://fr.dbpedia.org/resource/Friedrich_Guggenberger","http://fr.dbpedia.org/resource/Allemagne",1915
"http://fr.dbpedia.org/resource/Friedrich_Ohmann","http://fr.dbpedia.org/resource/Autriche",1858
"http://fr.dbpedia.org/resource/Frigyes_Spiegel","http://fr.dbpedia.org/resource/Hongrie",1866
"http://fr.dbpedia.org/resource/Fritz_Mögle","http://fr.dbpedia.org/resource/Autriche",1916
"http://fr.dbpedia.org/resource/Frédéric_Giniez","http://fr.dbpedia.org/resource/France",1813
"http://fr.dbpedia.org/resource/Félix_Candela","http://fr.dbpedia.org/resource/Espagne",1910
"http://fr.dbpedia.org/resource/Félix_Candela","http://fr.dbpedia.org/resource/Mexique",1910
"http://fr.dbpedia.org/resource/Gabriel_Davioud","http://fr.dbpedia.org/resource/France",1823
"http://fr.dbpedia.org/resource/Gabriel_Davioud","http://fr.dbpedia.org/resource/France",1824
"http://fr.dbpedia.org/resource/Gae_Aulenti","http://fr.dbpedia.org/resource/Italie",1927
"http://fr.dbpedia.org/resource/Galileo_Chini","http://fr.dbpedia.org/resource/Italie",1873
"http://fr.dbpedia.org/resource/Gaston_Eysselinck","http://fr.dbpedia.org/resource/Belgique",1907
"http://fr.dbpedia.org/resource/Gaston_Lelarge","http://fr.dbpedia.org/resource/France",1861
"http://fr.dbpedia.org/resource/Gaston_Rapin","http://fr.dbpedia.org/resource/France",1874
"http://fr.dbpedia.org/resource/Gaëlle_Péneau","http://fr.dbpedia.org/resource/France",1952
"http://fr.dbpedia.org/resource/Georg_Theodor_Chiewitz","http://fr.dbpedia.org/resource/Suède",1815
"http://fr.dbpedia.org/resource/Georg_Wasastjerna","http://fr.dbpedia.org/resource/Finlande",1865
"http://fr.dbpedia.org/resource/Georg_Weidenbach","http://fr.dbpedia.org/resource/Allemagne",1853
"http://fr.dbpedia.org/resource/George_Edmund_Street","http://fr.dbpedia.org/resource/Royaume-Uni",1824
"http://fr.dbpedia.org/resource/George_Gilbert_Scott","http://fr.dbpedia.org/resource/Angleterre",1811
"http://fr.dbpedia.org/resource/George_Washington_Donaghey","http://fr.dbpedia.org/resource/États-Unis",1856
"http://fr.dbpedia.org/resource/Georges_Lisch","http://fr.dbpedia.org/resource/France",1869
"http://fr.dbpedia.org/resource/Gerhard_Hanappi","http://fr.dbpedia.org/resource/Autriche",1929
"http://fr.dbpedia.org/resource/Gert_Wingårdh","http://fr.dbpedia.org/resource/Suède",1951
"http://fr.dbpedia.org/resource/Gian_Domenico_Vinaccia","http://fr.dbpedia.org/resource/Italie",1625
"http://fr.dbpedia.org/resource/Gilles_Perraudin","http://fr.dbpedia.org/resource/Nationalité_française",1949
"http://fr.dbpedia.org/resource/Gillis_Grafström","http://fr.dbpedia.org/resource/Suède",1893
"http://fr.dbpedia.org/resource/Giorgio_Vasari","http://fr.dbpedia.org/resource/Grand-duché_de_Toscane",1511
"http://fr.dbpedia.org/resource/Giovanni_Antolini","http://fr.dbpedia.org/resource/Italie",1753
"http://fr.dbpedia.org/resource/Giovanni_da_Udine","http://fr.dbpedia.org/resource/Italie",1487
"http://fr.dbpedia.org/resource/Giraud_Sannier","http://fr.dbpedia.org/resource/France",1721
"http://fr.dbpedia.org/resource/Giuseppe_Castellucci","http://fr.dbpedia.org/resource/Italie",1863
"http://fr.dbpedia.org/resource/Giuseppe_Marco_Bernardazzi","http://fr.dbpedia.org/resource/Suisse",1788
"http://fr.dbpedia.org/resource/Glenn_Murcutt","http://fr.dbpedia.org/resource/Australie",1936
"http://fr.dbpedia.org/resource/Goldsworthy_Gurney","http://fr.dbpedia.org/resource/Angleterre",1793
"http://fr.dbpedia.org/resource/Gordon_Bunshaft","http://fr.dbpedia.org/resource/États-Unis",1909
"http://fr.dbpedia.org/resource/Gorō_Miyazaki","http://fr.dbpedia.org/resource/Japon",1967
"http://fr.dbpedia.org/resource/Graham_Stuart_(homme_politique)","http://fr.dbpedia.org/resource/Royaume-Uni",1962
"http://fr.dbpedia.org/resource/Gueorgui_Deliev","http://fr.dbpedia.org/resource/Ukraine",1960
"http://fr.dbpedia.org/resource/Guillaume_Gontard","http://fr.dbpedia.org/resource/France",1971
"http://fr.dbpedia.org/resource/Gunnar_Asplund","http://fr.dbpedia.org/resource/Suède",1885
"http://fr.dbpedia.org/resource/Gunnar_Wahlroos","http://fr.dbpedia.org/resource/Finlande",1890
"http://fr.dbpedia.org/resource/Gustaf_Estlander","http://fr.dbpedia.org/resource/Finlande",1876
"http://fr.dbpedia.org/resource/Gustaf_Nyström","http://fr.dbpedia.org/resource/Finlande",1856
"http://fr.dbpedia.org/resource/Gustav_Friedrich_Hetsch","http://fr.dbpedia.org/resource/Danemark",1755
"http://fr.dbpedia.org/resource/Gustave_Oberthür","http://fr.dbpedia.org/resource/France",1872
"http://fr.dbpedia.org/resource/Guy_Rey-Millet","http://fr.dbpedia.org/resource/France",1929
"http://fr.dbpedia.org/resource/Gyula_Pártos","http://fr.dbpedia.org/resource/Hongrie",1845
"http://fr.dbpedia.org/resource/Gyula_Rochlitz","http://fr.dbpedia.org/resource/Royaume_de_Hongrie",1825
"http://fr.dbpedia.org/resource/Gérard_Onesta","http://fr.dbpedia.org/resource/France",1960
"http://fr.dbpedia.org/resource/Göran_Josuæ_Adelcrantz","http://fr.dbpedia.org/resource/Suède",1668
"http://fr.dbpedia.org/resource/Hakon_Ahlberg","http://fr.dbpedia.org/resource/Suède",1891
"http://fr.dbpedia.org/resource/Hampus_Dalström","http://fr.dbpedia.org/resource/Finlande",1829
"http://fr.dbpedia.org/resource/Hans_E._Deutsch","http://fr.dbpedia.org/resource/Suisse",1927
"http://fr.dbpedia.org/resource/Hans_Hollein","http://fr.dbpedia.org/resource/Autriche",1934
"http://fr.dbpedia.org/resource/Hans_Kammler","http://fr.dbpedia.org/resource/Allemands",1901
"http://fr.dbpedia.org/resource/Hans_Rouc","http://fr.dbpedia.org/resource/Autriche",1893
"http://fr.dbpedia.org/resource/Hans_Ruedi_Giger","http://fr.dbpedia.org/resource/Suisse",1940
"http://fr.dbpedia.org/resource/Harold_Marshall","http://fr.dbpedia.org/resource/Nouvelle-Zélande",1931
"http://fr.dbpedia.org/resource/Harwood_K._Smith","http://fr.dbpedia.org/resource/États-Unis",1913
"http://fr.dbpedia.org/resource/Hector_Horeau","http://fr.dbpedia.org/resource/France",1801
"http://fr.dbpedia.org/resource/Hector_d'Espouy","http://fr.dbpedia.org/resource/France",1854
"http://fr.dbpedia.org/resource/Heinrich_Tessenow","http://fr.dbpedia.org/resource/Allemagne",1876
"http://fr.dbpedia.org/resource/Helgo_Zettervall","http://fr.dbpedia.org/resource/Suède",1831
"http://fr.dbpedia.org/resource/Helmer_Stenros","http://fr.dbpedia.org/resource/Finlande",1929
"http://fr.dbpedia.org/resource/Henri-Théodore_Driollet","http://fr.dbpedia.org/resource/Nationalité_française",1805
"http://fr.dbpedia.org/resource/Henri_Adé","http://fr.dbpedia.org/resource/Français",1865
"http://fr.dbpedia.org/resource/Henri_Alexis_Brialmont","http://fr.dbpedia.org/resource/Belgique",1821
"http://fr.dbpedia.org/resource/Henri_Bard","http://fr.dbpedia.org/resource/France",1892
"http://fr.dbpedia.org/resource/Henri_Chomette_(architecte)","http://fr.dbpedia.org/resource/France",1921
"http://fr.dbpedia.org/resource/Henri_Dubouillon","http://fr.dbpedia.org/resource/France",1887
"http://fr.dbpedia.org/resource/Henri_Duphot","http://fr.dbpedia.org/resource/France",1810
"http://fr.dbpedia.org/resource/Henri_Dupuy_de_Lôme","http://fr.dbpedia.org/resource/France",1816
"http://fr.dbpedia.org/resource/Henri_Feuga","http://fr.dbpedia.org/resource/France",1819
"http://fr.dbpedia.org/resource/Henri_Fouquet_(architecte)","http://fr.dbpedia.org/resource/Belgique",1825
"http://fr.dbpedia.org/resource/Henri_Labrouste","http://fr.dbpedia.org/resource/France",1801
"http://fr.dbpedia.org/resource/Henri_Pacon","http://fr.dbpedia.org/resource/France",1882
"http://fr.dbpedia.org/resource/Henri_Parmentier","http://fr.dbpedia.org/resource/France",1871
"http://fr.dbpedia.org/resource/Henri_Sauvage","http://fr.dbpedia.org/resource/France",1873
"http://fr.dbpedia.org/resource/Henri_Van_Dievoet","http://fr.dbpedia.org/resource/Nationalité_belge",1869
"http://fr.dbpedia.org/resource/Henri_Vidal_(architecte)","http://fr.dbpedia.org/resource/France",1895
"http://fr.dbpedia.org/resource/Henrik_Böhm","http://fr.dbpedia.org/resource/Hongrois",1867
"http://fr.dbpedia.org/resource/Henry_Bernard","http://fr.dbpedia.org/resource/France",1912
"http://fr.dbpedia.org/resource/Henry_Clutton","http://fr.dbpedia.org/resource/Royaume-Uni",1819
"http://fr.dbpedia.org/resource/Henry_Holland","http://fr.dbpedia.org/resource/Royaume-Uni",1745
"http://fr.dbpedia.org/resource/Hermann_Billing","http://fr.dbpedia.org/resource/Allemagne",1867
"http://fr.dbpedia.org/resource/Hermann_Eberhard_Pflaume","http://fr.dbpedia.org/resource/Allemand",1869
"http://fr.dbpedia.org/resource/Hermann_Eggert","http://fr.dbpedia.org/resource/Allemagne",1844
"http://fr.dbpedia.org/resource/Hilding_Ekelund","http://fr.dbpedia.org/resource/Finlande",1893
"http://fr.dbpedia.org/resource/Hippolyte_Béziers-Lafosse","http://fr.dbpedia.org/resource/Nationalité_française",1814
"http://fr.dbpedia.org/resource/Hiroshi_Teshigahara","http://fr.dbpedia.org/resource/Japon",1927
"http://fr.dbpedia.org/resource/Homayoun_Ershadi","http://fr.dbpedia.org/resource/Iran",1947
"http://fr.dbpedia.org/resource/Hovannès_Katchaznouni","http://fr.dbpedia.org/resource/Arménie",1868
"http://fr.dbpedia.org/resource/Hrvoje_Šarinić","http://fr.dbpedia.org/resource/Croatie",1935
"http://fr.dbpedia.org/resource/Hugo_Ehrlich","http://fr.dbpedia.org/resource/Croatie",1879
"http://fr.dbpedia.org/resource/Hugo_Porta","http://fr.dbpedia.org/resource/Argentine",1951
"http://fr.dbpedia.org/resource/Hugo_Simberg","http://fr.dbpedia.org/resource/Finlande",1873
"http://fr.dbpedia.org/resource/Hugues_Quenin","http://fr.dbpedia.org/resource/France",1808
"http://fr.dbpedia.org/resource/Hyacinthe_Devondel","http://fr.dbpedia.org/resource/Belgique",1909
"http://fr.dbpedia.org/resource/Hyacinthe_Perrin","http://fr.dbpedia.org/resource/France",1877
"http://fr.dbpedia.org/resource/Ieoh_Ming_Pei","http://fr.dbpedia.org/resource/États-Unis",1917
"http://fr.dbpedia.org/resource/Ignác_Alpár","http://fr.dbpedia.org/resource/Hongrois",1855
"http://fr.dbpedia.org/resource/Iikka_Martas","http://fr.dbpedia.org/resource/Finlande",1909
"http://fr.dbpedia.org/resource/Ilia_Maximov","http://fr.dbpedia.org/resource/Russie",1970
"http://fr.dbpedia.org/resource/Ilmari_Launis","http://fr.dbpedia.org/resource/Finlande",1881
"http://fr.dbpedia.org/resource/Imre_Henszlmann","http://fr.dbpedia.org/resource/Hongrie",1813
"http://fr.dbpedia.org/resource/Imre_Steindl","http://fr.dbpedia.org/resource/Hongrois",1839
"http://fr.dbpedia.org/resource/Ion_Mincu","http://fr.dbpedia.org/resource/Roumanie",1852
"http://fr.dbpedia.org/resource/Irwin_Chanin","http://fr.dbpedia.org/resource/États-Unis",1891
"http://fr.dbpedia.org/resource/Isaac_Menyoli","http://fr.dbpedia.org/resource/Cameroun",1972
"http://fr.dbpedia.org/resource/Isabelle_Stanislas","http://fr.dbpedia.org/resource/France",1970
"http://fr.dbpedia.org/resource/Ivan_Antić","http://fr.dbpedia.org/resource/Serbie",1923
"http://fr.dbpedia.org/resource/Ivan_Fomine","http://fr.dbpedia.org/resource/Union_des_républiques_socialistes_soviétiques",1872
"http://fr.dbpedia.org/resource/Ivan_Joltovski","http://fr.dbpedia.org/resource/Union_des_républiques_socialistes_soviétiques",1867
"http://fr.dbpedia.org/resource/Ivar_Tengbom","http://fr.dbpedia.org/resource/Suède",1878
"http://fr.dbpedia.org/resource/Iwan_Baan","http://fr.dbpedia.org/resource/Pays-Bas",1975
"http://fr.dbpedia.org/resource/Jaakko_Kuorikoski","http://fr.dbpedia.org/resource/Finlande",1807
"http://fr.dbpedia.org/resource/Jacob_van_Rijs","http://fr.dbpedia.org/resource/Pays-Bas",1965
"http://fr.dbpedia.org/resource/Jacopo_Barozzi_da_Vignola","http://fr.dbpedia.org/resource/Italie",1507
"http://fr.dbpedia.org/resource/Jacques-Guillaume_Legrand","http://fr.dbpedia.org/resource/France",1753
"http://fr.dbpedia.org/resource/Jacques-Pascal_Virebent","http://fr.dbpedia.org/resource/France",1746
"http://fr.dbpedia.org/resource/Jacques-Pierre_Gisors","http://fr.dbpedia.org/resource/France",1755
"http://fr.dbpedia.org/resource/Jacques_Gréber","http://fr.dbpedia.org/resource/France",1882
"http://fr.dbpedia.org/resource/Jacques_Henri-Labourdette","http://fr.dbpedia.org/resource/France",1915
"http://fr.dbpedia.org/resource/Jacques_Hermant","http://fr.dbpedia.org/resource/France",1855
"http://fr.dbpedia.org/resource/Jacques_Moulin_(architecte)","http://fr.dbpedia.org/resource/France",1954
"http://fr.dbpedia.org/resource/Jacques_Rougerie_(architecte)","http://fr.dbpedia.org/resource/France",1945
"http://fr.dbpedia.org/resource/Jacques_Wybauw","http://fr.dbpedia.org/resource/Belgique",1925
"http://fr.dbpedia.org/resource/Jamal_Lamiri_Alaoui","http://fr.dbpedia.org/resource/Maroc",1954
"http://fr.dbpedia.org/resource/James_Dolena","http://fr.dbpedia.org/resource/Russie",1888
"http://fr.dbpedia.org/resource/James_Dolena","http://fr.dbpedia.org/resource/États-Unis",1888
"http://fr.dbpedia.org/resource/James_Herbert_MacNair","http://fr.dbpedia.org/resource/Royaume-Uni",1868
"http://fr.dbpedia.org/resource/James_Stirling_(architecte)","http://fr.dbpedia.org/resource/Royaume-Uni",1926
"http://fr.dbpedia.org/resource/Jan_Gehl","http://fr.dbpedia.org/resource/Danemark",1936
"http://fr.dbpedia.org/resource/Jarl_Eklund","http://fr.dbpedia.org/resource/Finlande",1876
"http://fr.dbpedia.org/resource/Jean-Amédée_Gibert","http://fr.dbpedia.org/resource/France",1869
"http://fr.dbpedia.org/resource/Jean-Amédée_Savoye","http://fr.dbpedia.org/resource/France",1804
"http://fr.dbpedia.org/resource/Jean-Augustin_Renard","http://fr.dbpedia.org/resource/France",1744
"http://fr.dbpedia.org/resource/Jean-Baptiste_Bethune","http://fr.dbpedia.org/resource/Belgique",1821
"http://fr.dbpedia.org/resource/Jean-Baptiste_Bouchardon","http://fr.dbpedia.org/resource/France",1667
"http://fr.dbpedia.org/resource/Jean-Baptiste_Dulac","http://fr.dbpedia.org/resource/Nationalité_française",1822
"http://fr.dbpedia.org/resource/Jean-Baptiste_Kléber","http://fr.dbpedia.org/resource/Alsace",1753
"http://fr.dbpedia.org/resource/Jean-Baptiste_Kléber","http://fr.dbpedia.org/resource/France",1753
"http://fr.dbpedia.org/resource/Jean-Baptiste_Pigny","http://fr.dbpedia.org/resource/France",1821
"http://fr.dbpedia.org/resource/Jean-Baptiste_Vermay","http://fr.dbpedia.org/resource/France",1786
"http://fr.dbpedia.org/resource/Jean-Bernard-Abraham_Jacquemin","http://fr.dbpedia.org/resource/France",1756
"http://fr.dbpedia.org/resource/Jean-Claude_Jamot","http://fr.dbpedia.org/resource/France",1833
"http://fr.dbpedia.org/resource/Jean-Claude_Marsan","http://fr.dbpedia.org/resource/Canada",1938
"http://fr.dbpedia.org/resource/Jean-Eugène_Fromageau","http://fr.dbpedia.org/resource/France",1822
"http://fr.dbpedia.org/resource/Jean-Gabriel_Mortamet","http://fr.dbpedia.org/resource/France",1930
"http://fr.dbpedia.org/resource/Jean-Jacques_Herbulot","http://fr.dbpedia.org/resource/France",1909
"http://fr.dbpedia.org/resource/Jean-Jacques_Huvé","http://fr.dbpedia.org/resource/France",1742
"http://fr.dbpedia.org/resource/Jean-Jacques_Martinet","http://fr.dbpedia.org/resource/France",1680
"http://fr.dbpedia.org/resource/Jean-Joseph_Kapeller","http://fr.dbpedia.org/resource/France",1706
"http://fr.dbpedia.org/resource/Jean-Louis_Victor_Grisart","http://fr.dbpedia.org/resource/France",1797
"http://fr.dbpedia.org/resource/Jean-Marc_Lamunière","http://fr.dbpedia.org/resource/Suisse",1925
"http://fr.dbpedia.org/resource/Jean-Marie-Anselme_Lablatinière","http://fr.dbpedia.org/resource/France",1829
"http://fr.dbpedia.org/resource/Jean-Marie_Duthilleul","http://fr.dbpedia.org/resource/France",1952
"http://fr.dbpedia.org/resource/Jean-Marie_Lacrampe","http://fr.dbpedia.org/resource/France",1855
"http://fr.dbpedia.org/resource/Jean-Marie_Pollet","http://fr.dbpedia.org/resource/France",1795
"http://fr.dbpedia.org/resource/Jean-Marie_Valentin","http://fr.dbpedia.org/resource/France",1823
"http://fr.dbpedia.org/resource/Jean-Michel_Dalgabio","http://fr.dbpedia.org/resource/France",1788
"http://fr.dbpedia.org/resource/Jean-Michel_Wilmotte","http://fr.dbpedia.org/resource/France",1948
"http://fr.dbpedia.org/resource/Jean-Nicolas_Trouille","http://fr.dbpedia.org/resource/France",1752
"http://fr.dbpedia.org/resource/Jean-Paul-Auguste-Anthelme_Jumelin","http://fr.dbpedia.org/resource/France",1818
"http://fr.dbpedia.org/resource/Jean-Paul_Viguier","http://fr.dbpedia.org/resource/France",1946
"http://fr.dbpedia.org/resource/Jean-Pierre_Garreau","http://fr.dbpedia.org/resource/France",1803
"http://fr.dbpedia.org/resource/Jean-Pierre_Paquet","http://fr.dbpedia.org/resource/France",1907
"http://fr.dbpedia.org/resource/Jean-Pierre_Vouga","http://fr.dbpedia.org/resource/Suisse",1907
"http://fr.dbpedia.org/resource/Jean_Boussard","http://fr.dbpedia.org/resource/France",1844
"http://fr.dbpedia.org/resource/Jean_Bréasson","http://fr.dbpedia.org/resource/France",1848
"http://fr.dbpedia.org/resource/Jean_Burkhalter","http://fr.dbpedia.org/resource/France",1895
"http://fr.dbpedia.org/resource/Jean_Duthilleul","http://fr.dbpedia.org/resource/France",1913
"http://fr.dbpedia.org/resource/Jean_Eric_Rehn","http://fr.dbpedia.org/resource/Suède",1717
"http://fr.dbpedia.org/resource/Jean_François_Authier","http://fr.dbpedia.org/resource/France",1966
"http://fr.dbpedia.org/resource/Jean_Montariol","http://fr.dbpedia.org/resource/France",1892
"http://fr.dbpedia.org/resource/Jean_Valette_(architecte)","http://fr.dbpedia.org/resource/France",1876
"http://fr.dbpedia.org/resource/Jean_Walter","http://fr.dbpedia.org/resource/France",1883
"http://fr.dbpedia.org/resource/Jean_Wik","http://fr.dbpedia.org/resource/Finlande",1804
"http://fr.dbpedia.org/resource/Jean_de_Gastines","http://fr.dbpedia.org/resource/France",1957
"http://fr.dbpedia.org/resource/Jean_de_Médicis_(1567-1621)","http://fr.dbpedia.org/resource/Italie",1567
"http://fr.dbpedia.org/resource/Jeanne_Scelles-Millie","http://fr.dbpedia.org/resource/France",1900
"http://fr.dbpedia.org/resource/Jelisaveta_Načić","http://fr.dbpedia.org/resource/Serbie",1878
"http://fr.dbpedia.org/resource/Jerzy_Główczewski","http://fr.dbpedia.org/resource/Pologne",1922
"http://fr.dbpedia.org/resource/Joanny_Farfouillon","http://fr.dbpedia.org/resource/France",1823
"http://fr.dbpedia.org/resource/Joaquín_Rucoba","http://fr.dbpedia.org/resource/Espagne",1844
"http://fr.dbpedia.org/resource/Johan_Martin_Quist","http://fr.dbpedia.org/resource/Danemark",1755
"http://fr.dbpedia.org/resource/Johan_Sigfrid_Sirén","http://fr.dbpedia.org/resource/Finlande",1889
"http://fr.dbpedia.org/resource/Johann_Georg_Stengg","http://fr.dbpedia.org/resource/Autriche",1689
"http://fr.dbpedia.org/resource/John_M._Johansen","http://fr.dbpedia.org/resource/États-Unis",1916
"http://fr.dbpedia.org/resource/John_Martin","http://fr.dbpedia.org/resource/Royaume-Uni",1789
"http://fr.dbpedia.org/resource/John_Meehan","http://fr.dbpedia.org/resource/États-Unis",1902
"http://fr.dbpedia.org/resource/John_Trumbull","http://fr.dbpedia.org/resource/États-Unis",1756
"http://fr.dbpedia.org/resource/John_W._Brunius","http://fr.dbpedia.org/resource/Suède",1884
"http://fr.dbpedia.org/resource/John_Wolfe-Barry","http://fr.dbpedia.org/resource/Angleterre",1836
"http://fr.dbpedia.org/resource/Jorma_Järvi","http://fr.dbpedia.org/resource/Finlande",1908
"http://fr.dbpedia.org/resource/Josef_Hackhofer","http://fr.dbpedia.org/resource/Autriche",1863
"http://fr.dbpedia.org/resource/Josef_Maria_Olbrich","http://fr.dbpedia.org/resource/Autriche-Hongrie",1867
"http://fr.dbpedia.org/resource/Josef_Stübben","http://fr.dbpedia.org/resource/Allemagne",1845
"http://fr.dbpedia.org/resource/Joseph-Adolphe_Thiac","http://fr.dbpedia.org/resource/France",1800
"http://fr.dbpedia.org/resource/Joseph-Auguste_Lafollye","http://fr.dbpedia.org/resource/France",1828
"http://fr.dbpedia.org/resource/Joseph-Étienne_Malaval","http://fr.dbpedia.org/resource/France",1842
"http://fr.dbpedia.org/resource/Joseph_Clugnet","http://fr.dbpedia.org/resource/France",1854
"http://fr.dbpedia.org/resource/Joseph_Forest","http://fr.dbpedia.org/resource/France",1806
"http://fr.dbpedia.org/resource/Joseph_Gire","http://fr.dbpedia.org/resource/France",1872
"http://fr.dbpedia.org/resource/Joseph_Kornhäusel","http://fr.dbpedia.org/resource/Autriche",1782
"http://fr.dbpedia.org/resource/Joseph_Léopold_Saget","http://fr.dbpedia.org/resource/France",1748
"http://fr.dbpedia.org/resource/Joseph_Malahieude","http://fr.dbpedia.org/resource/France",1900
"http://fr.dbpedia.org/resource/Joseph_Poelaert","http://fr.dbpedia.org/resource/Belgique",1817
"http://fr.dbpedia.org/resource/Joseph_Sansbœuf","http://fr.dbpedia.org/resource/France",1848
"http://fr.dbpedia.org/resource/Joseph_Schadde","http://fr.dbpedia.org/resource/Belgique",1818
"http://fr.dbpedia.org/resource/Joseph_Stany_Gauthier","http://fr.dbpedia.org/resource/France",1883
"http://fr.dbpedia.org/resource/Joseph_Thillet","http://fr.dbpedia.org/resource/France",1850
"http://fr.dbpedia.org/resource/Joseph_Van_Neck","http://fr.dbpedia.org/resource/Belgique",1880
"http://fr.dbpedia.org/resource/Joseph_Viérin","http://fr.dbpedia.org/resource/Belgique",1872
"http://fr.dbpedia.org/resource/Jouko_Ylihannu","http://fr.dbpedia.org/resource/Finlande",1912
"http://fr.dbpedia.org/resource/Jovan_Ilkić","http://fr.dbpedia.org/resource/Serbie",1857
"http://fr.dbpedia.org/resource/Juha_Leiviskä","http://fr.dbpedia.org/resource/Finlande",1936
"http://fr.dbpedia.org/resource/Jules_Bourgoin","http://fr.dbpedia.org/resource/France",1838
"http://fr.dbpedia.org/resource/Jules_Brunfaut","http://fr.dbpedia.org/resource/Nationalité_belge",1852
"http://fr.dbpedia.org/resource/Jules_Mellet","http://fr.dbpedia.org/resource/France",1846
"http://fr.dbpedia.org/resource/Jules_de_Mérindol","http://fr.dbpedia.org/resource/France",1814
"http://fr.dbpedia.org/resource/Julius_Basilier","http://fr.dbpedia.org/resource/Finlande",1834
"http://fr.dbpedia.org/resource/Julius_von_Borsody","http://fr.dbpedia.org/resource/Autriche",1892
"http://fr.dbpedia.org/resource/Juste_Lisch","http://fr.dbpedia.org/resource/France",1828
"http://fr.dbpedia.org/resource/János_Feketeházy","http://fr.dbpedia.org/resource/Hongrie",1842
"http://fr.dbpedia.org/resource/Jørgen_Hansen_Koch","http://fr.dbpedia.org/resource/Danemark",1787
"http://fr.dbpedia.org/resource/Jānis_Alksnis","http://fr.dbpedia.org/resource/Lettons",1869
"http://fr.dbpedia.org/resource/Jānis_Frīdrihs_Baumanis","http://fr.dbpedia.org/resource/Empire_russe",1834
"http://fr.dbpedia.org/resource/Kaarlo_Borg","http://fr.dbpedia.org/resource/Finlande",1888
"http://fr.dbpedia.org/resource/Karel_Pařík","http://fr.dbpedia.org/resource/Tchèques",1857
"http://fr.dbpedia.org/resource/Karl_August_Wrede","http://fr.dbpedia.org/resource/Finlande",1859
"http://fr.dbpedia.org/resource/Karl_Bischoff","http://fr.dbpedia.org/resource/Allemagne",1897
"http://fr.dbpedia.org/resource/Karl_Burman_(senior)","http://fr.dbpedia.org/resource/Estonie",1882
"http://fr.dbpedia.org/resource/Karl_Friedrich_Schinkel","http://fr.dbpedia.org/resource/Prusse",1781
"http://fr.dbpedia.org/resource/Karl_Hård_af_Segerstad","http://fr.dbpedia.org/resource/Finlande",1873
"http://fr.dbpedia.org/resource/Karmenu_Vella","http://fr.dbpedia.org/resource/Malte",1950
"http://fr.dbpedia.org/resource/Karo_Halabyan","http://fr.dbpedia.org/resource/Union_des_républiques_socialistes_soviétiques",1897
"http://fr.dbpedia.org/resource/Katherine_Stinson","http://fr.dbpedia.org/resource/États-Unis",1891
"http://fr.dbpedia.org/resource/Kauno_Kallio","http://fr.dbpedia.org/resource/Finlande",1877
"http://fr.dbpedia.org/resource/Kazuyo_Sejima","http://fr.dbpedia.org/resource/Japon",1956
"http://fr.dbpedia.org/resource/Keijo_Petäjä","http://fr.dbpedia.org/resource/Finlande",1919
"http://fr.dbpedia.org/resource/Ken_Anderson_(animateur)","http://fr.dbpedia.org/resource/États-Unis",1909
"http://fr.dbpedia.org/resource/Keye_Luke","http://fr.dbpedia.org/resource/Chine",1904
"http://fr.dbpedia.org/resource/Keye_Luke","http://fr.dbpedia.org/resource/États-Unis",1904
"http://fr.dbpedia.org/resource/Knud_Agger","http://fr.dbpedia.org/resource/Danemark",1895
"http://fr.dbpedia.org/resource/Koloman_Moser","http://fr.dbpedia.org/resource/Autrichiens",1868
"http://fr.dbpedia.org/resource/Konstantin_Jovanović","http://fr.dbpedia.org/resource/Serbie",1849
"http://fr.dbpedia.org/resource/Konstantinos_Apostolos_Doxiadis","http://fr.dbpedia.org/resource/Grèce",1914
"http://fr.dbpedia.org/resource/Konstantīns_Pēkšēns","http://fr.dbpedia.org/resource/Lettons",1859
"http://fr.dbpedia.org/resource/Kornél_Pajor","http://fr.dbpedia.org/resource/Hongrie",1923
"http://fr.dbpedia.org/resource/Krzysztof_Pruszkowski","http://fr.dbpedia.org/resource/France",1943
"http://fr.dbpedia.org/resource/Krzysztof_Pruszkowski","http://fr.dbpedia.org/resource/Pologne",1943
"http://fr.dbpedia.org/resource/Ksenia_Milicevic","http://fr.dbpedia.org/resource/France",1942
"http://fr.dbpedia.org/resource/Kurt_Klaudy","http://fr.dbpedia.org/resource/Autriche",1905
"http://fr.dbpedia.org/resource/Kálmán_Giergl","http://fr.dbpedia.org/resource/Hongrie",1863
"http://fr.dbpedia.org/resource/Käpy_Paavilainen","http://fr.dbpedia.org/resource/Finlande",1947
"http://fr.dbpedia.org/resource/Lars_Israel_Wahlman","http://fr.dbpedia.org/resource/Suède",1870
"http://fr.dbpedia.org/resource/Laurent_Vianay","http://fr.dbpedia.org/resource/France",1843
"http://fr.dbpedia.org/resource/Laurent_de_Dignoscyo","http://fr.dbpedia.org/resource/Français",1795
"http://fr.dbpedia.org/resource/Lauri_Silvennoinen_(architecte)","http://fr.dbpedia.org/resource/Finlande",1921
"http://fr.dbpedia.org/resource/Lazar_Lissitzky","http://fr.dbpedia.org/resource/Soviétiques",1890
"http://fr.dbpedia.org/resource/Le_Van_Bo","http://fr.dbpedia.org/resource/Allemagne",1977
"http://fr.dbpedia.org/resource/Lennart_Skoglund","http://fr.dbpedia.org/resource/Suède",1929
"http://fr.dbpedia.org/resource/Leonor_Martín","http://fr.dbpedia.org/resource/Espagne",1989
"http://fr.dbpedia.org/resource/Leopold_Ernst","http://fr.dbpedia.org/resource/Autriche",1808
"http://fr.dbpedia.org/resource/Lewis_Cubitt","http://fr.dbpedia.org/resource/Royaume-Uni",1799
"http://fr.dbpedia.org/resource/Liviu_Ciulei","http://fr.dbpedia.org/resource/Roumanie",1923
"http://fr.dbpedia.org/resource/Logi_Már_Einarsson","http://fr.dbpedia.org/resource/Islande",1964
"http://fr.dbpedia.org/resource/Lois_Welzenbacher","http://fr.dbpedia.org/resource/Autriche",1889
"http://fr.dbpedia.org/resource/Louis-Antoine-Maurice_Bresson","http://fr.dbpedia.org/resource/France",1817
"http://fr.dbpedia.org/resource/Louis-Charles_Ledru","http://fr.dbpedia.org/resource/France",1778
"http://fr.dbpedia.org/resource/Louis-François_Roux","http://fr.dbpedia.org/resource/France",1838
"http://fr.dbpedia.org/resource/Louis-Jules_Bouchot","http://fr.dbpedia.org/resource/France",1817
"http://fr.dbpedia.org/resource/Louis-Pierre_Baltard","http://fr.dbpedia.org/resource/France",1764
"http://fr.dbpedia.org/resource/Louis-Étienne_Journoud","http://fr.dbpedia.org/resource/France",1828
"http://fr.dbpedia.org/resource/Louis_Arretche","http://fr.dbpedia.org/resource/France",1905
"http://fr.dbpedia.org/resource/Louis_Bachoud","http://fr.dbpedia.org/resource/France",1935
"http://fr.dbpedia.org/resource/Louis_Bonnier","http://fr.dbpedia.org/resource/France",1856
"http://fr.dbpedia.org/resource/Louis_Combes_(architecte)","http://fr.dbpedia.org/resource/France",1757
"http://fr.dbpedia.org/resource/Louis_Cécile_Flacheron","http://fr.dbpedia.org/resource/France",1772
"http://fr.dbpedia.org/resource/Louis_Dunski","http://fr.dbpedia.org/resource/Russie",1829
"http://fr.dbpedia.org/resource/Louis_Favre_(ingénieur)","http://fr.dbpedia.org/resource/Suisse",1826
"http://fr.dbpedia.org/resource/Louis_Gillet_(architecte)","http://fr.dbpedia.org/resource/France",1848
"http://fr.dbpedia.org/resource/Louis_Henri_Georges_Scellier_de_Gisors","http://fr.dbpedia.org/resource/France",1844
"http://fr.dbpedia.org/resource/Louis_Kahn_(architecte)","http://fr.dbpedia.org/resource/États-Unis",1901
"http://fr.dbpedia.org/resource/Louis_Perrier_(architecte_et_homme_politique)","http://fr.dbpedia.org/resource/Suisse",1849
"http://fr.dbpedia.org/resource/Louis_Rogniat","http://fr.dbpedia.org/resource/France",1852
"http://fr.dbpedia.org/resource/Louis_Sainsaulieu","http://fr.dbpedia.org/resource/Nationalité_française",1901
"http://fr.dbpedia.org/resource/Louis_Spaak","http://fr.dbpedia.org/resource/Belgique",1804
"http://fr.dbpedia.org/resource/Louis_Spangenberg","http://fr.dbpedia.org/resource/Allemagne",1824
"http://fr.dbpedia.org/resource/Louis_Tarchier","http://fr.dbpedia.org/resource/France",1830
"http://fr.dbpedia.org/resource/Louis_Thérèse_David_de_Pénanrun","http://fr.dbpedia.org/resource/France",1831
"http://fr.dbpedia.org/resource/Louis_Visconti","http://fr.dbpedia.org/resource/Nationalité_française",1791
"http://fr.dbpedia.org/resource/Louis_de_la_Censerie","http://fr.dbpedia.org/resource/Belgique",1838
"http://fr.dbpedia.org/resource/Ludovico_Quaroni","http://fr.dbpedia.org/resource/Italie",1911
"http://fr.dbpedia.org/resource/Ludwig_Mies_van_der_Rohe","http://fr.dbpedia.org/resource/Allemagne",1886
"http://fr.dbpedia.org/resource/Luis_Barragán","http://fr.dbpedia.org/resource/Mexique",1902
"http://fr.dbpedia.org/resource/Luis_Trenker","http://fr.dbpedia.org/resource/Autriche",1892
"http://fr.dbpedia.org/resource/Luis_Trenker","http://fr.dbpedia.org/resource/Italie",1892
"http://fr.dbpedia.org/resource/Lynn_Chadwick","http://fr.dbpedia.org/resource/Royaume-Uni",1914
"http://fr.dbpedia.org/resource/Léo_Drouyn","http://fr.dbpedia.org/resource/France",1816
"http://fr.dbpedia.org/resource/Léon_Charvet","http://fr.dbpedia.org/resource/France",1830
"http://fr.dbpedia.org/resource/Léon_Daures","http://fr.dbpedia.org/resource/Nationalité_française",1877
"http://fr.dbpedia.org/resource/Léon_Delune","http://fr.dbpedia.org/resource/Belgique",1862
"http://fr.dbpedia.org/resource/Léonard_Racle","http://fr.dbpedia.org/resource/France",1736
"http://fr.dbpedia.org/resource/Léonce_Reynaud","http://fr.dbpedia.org/resource/France",1803
"http://fr.dbpedia.org/resource/Léopold_Valentin","http://fr.dbpedia.org/resource/France",1835
"http://fr.dbpedia.org/resource/Magnus_Schjerfbeck","http://fr.dbpedia.org/resource/Finlande",1860
"http://fr.dbpedia.org/resource/Montgomery_C._Meigs","http://fr.dbpedia.org/resource/États-Unis",1816
"http://fr.dbpedia.org/resource/Mourad_Zemali","http://fr.dbpedia.org/resource/Algérie",1961
"http://fr.dbpedia.org/resource/Mustafa_Akıncı","http://fr.dbpedia.org/resource/Chypre_du_Nord",1947
"http://fr.dbpedia.org/resource/Namadi_Sambo","http://fr.dbpedia.org/resource/Nigeria",1954
"http://fr.dbpedia.org/resource/Nasrine_Seraji","http://fr.dbpedia.org/resource/France",1957
"http://fr.dbpedia.org/resource/Nasrine_Seraji","http://fr.dbpedia.org/resource/Royaume-Uni",1957
"http://fr.dbpedia.org/resource/Nasrine_Seraji","http://fr.dbpedia.org/resource/Iranienne",1957
"http://fr.dbpedia.org/resource/Nathalie_Maillet","http://fr.dbpedia.org/resource/France",1970
"http://fr.dbpedia.org/resource/Nathalie_de_Vries","http://fr.dbpedia.org/resource/Pays-Bas",1965
"http://fr.dbpedia.org/resource/Neil_Breen","http://fr.dbpedia.org/resource/États-Unis",1958
"http://fr.dbpedia.org/resource/Nico_de_Wolf","http://fr.dbpedia.org/resource/Pays-Bas",1887
"http://fr.dbpedia.org/resource/Nikola_Nestorović","http://fr.dbpedia.org/resource/Serbie",1858
"http://fr.dbpedia.org/resource/Nikolai_von_Glehn","http://fr.dbpedia.org/resource/Russe",1841
"http://fr.dbpedia.org/resource/Nikolaï_Krasnov","http://fr.dbpedia.org/resource/Russe",1864
"http://fr.dbpedia.org/resource/Norman_Foster_(architecte)","http://fr.dbpedia.org/resource/Royaume-Uni",1935
"http://fr.dbpedia.org/resource/Oiva_Kallio","http://fr.dbpedia.org/resource/Finlande",1884
"http://fr.dbpedia.org/resource/Olavi_Koponen","http://fr.dbpedia.org/resource/Finlande",1951
"http://fr.dbpedia.org/resource/Ole_Gripenberg","http://fr.dbpedia.org/resource/Finlande",1892
"http://fr.dbpedia.org/resource/Olivia_Chaumont","http://fr.dbpedia.org/resource/France",1950
"http://fr.dbpedia.org/resource/Olivier_Saguez","http://fr.dbpedia.org/resource/France",1954
"http://fr.dbpedia.org/resource/Olli_Kivinen","http://fr.dbpedia.org/resource/Finlande",1921
"http://fr.dbpedia.org/resource/Ong_Teng_Cheong","http://fr.dbpedia.org/resource/Singapour",1936
"http://fr.dbpedia.org/resource/Oscar_Bomanson","http://fr.dbpedia.org/resource/Finlande",1869
"http://fr.dbpedia.org/resource/Oscar_Niemeyer","http://fr.dbpedia.org/resource/Brésil",1907
"http://fr.dbpedia.org/resource/Osmo_Sipari","http://fr.dbpedia.org/resource/Finlande",1922
"http://fr.dbpedia.org/resource/Otello_Zavaroni","http://fr.dbpedia.org/resource/France",1910
"http://fr.dbpedia.org/resource/Otto_Eckmann","http://fr.dbpedia.org/resource/Allemagne",1865
"http://fr.dbpedia.org/resource/Otto_Paul_Burghardt","http://fr.dbpedia.org/resource/Allemagne",1875
"http://fr.dbpedia.org/resource/Otto_Wagner","http://fr.dbpedia.org/resource/Autriche",1841
"http://fr.dbpedia.org/resource/Paolo_Vaccari","http://fr.dbpedia.org/resource/Italie",1971
"http://fr.dbpedia.org/resource/Pascal_Coste","http://fr.dbpedia.org/resource/France",1787
"http://fr.dbpedia.org/resource/Pascal_Gay","http://fr.dbpedia.org/resource/France",1775
"http://fr.dbpedia.org/resource/Pascal_Haüsermann","http://fr.dbpedia.org/resource/Suisse",1936
"http://fr.dbpedia.org/resource/Paul-Olivier_Trépanier","http://fr.dbpedia.org/resource/Canada",1923
"http://fr.dbpedia.org/resource/Paul_Abadie_père","http://fr.dbpedia.org/resource/France",1783
"http://fr.dbpedia.org/resource/Paul_Bellemain","http://fr.dbpedia.org/resource/France",1886
"http://fr.dbpedia.org/resource/Paul_Depondt","http://fr.dbpedia.org/resource/France",1926
"http://fr.dbpedia.org/resource/Paul_Destombes","http://fr.dbpedia.org/resource/France",1850
"http://fr.dbpedia.org/resource/Paul_Dubufe","http://fr.dbpedia.org/resource/France",1842
"http://fr.dbpedia.org/resource/Paul_Due","http://fr.dbpedia.org/resource/Norvège",1835
"http://fr.dbpedia.org/resource/Paul_Giesler","http://fr.dbpedia.org/resource/Allemagne",1895
"http://fr.dbpedia.org/resource/Paul_Jaspar","http://fr.dbpedia.org/resource/Belgique",1859
"http://fr.dbpedia.org/resource/Paul_Lavenex","http://fr.dbpedia.org/resource/Suisse",1901
"http://fr.dbpedia.org/resource/Paul_Pascalon","http://fr.dbpedia.org/resource/France",1838
"http://fr.dbpedia.org/resource/Paul_Schneider-Esleben","http://fr.dbpedia.org/resource/Allemand",1915
"http://fr.dbpedia.org/resource/Paul_T._Frankl","http://fr.dbpedia.org/resource/États-Unis__",1886
"http://fr.dbpedia.org/resource/Paul_Vial","http://fr.dbpedia.org/resource/France",1847
"http://fr.dbpedia.org/resource/Per-Eric_Lindbergh","http://fr.dbpedia.org/resource/Suède",1959
"http://fr.dbpedia.org/resource/Pernille_Vermund","http://fr.dbpedia.org/resource/Danemark",1975
"http://fr.dbpedia.org/resource/Petar_Bajalović","http://fr.dbpedia.org/resource/Serbie",1876
"http://fr.dbpedia.org/resource/Peter_Behrens","http://fr.dbpedia.org/resource/Allemagne",1868
"http://fr.dbpedia.org/resource/Peter_Neufert","http://fr.dbpedia.org/resource/Allemagne",1925
"http://fr.dbpedia.org/resource/Peter_Vetsch","http://fr.dbpedia.org/resource/Suisse",1943
"http://fr.dbpedia.org/resource/Peter_von_Nobile","http://fr.dbpedia.org/resource/Autriche",1774
"http://fr.dbpedia.org/resource/Peter_von_Nobile","http://fr.dbpedia.org/resource/Autriche",1776
"http://fr.dbpedia.org/resource/Philip_Johnson","http://fr.dbpedia.org/resource/États-Unis",1906
"http://fr.dbpedia.org/resource/Philippe_Baucq","http://fr.dbpedia.org/resource/Belgique",1880
"http://fr.dbpedia.org/resource/Philippe_Chiambaretta","http://fr.dbpedia.org/resource/France",1963
"http://fr.dbpedia.org/resource/Philippe_Gallart","http://fr.dbpedia.org/resource/France",1962
"http://fr.dbpedia.org/resource/Philippe_Joye","http://fr.dbpedia.org/resource/Suisse",1941
"http://fr.dbpedia.org/resource/Philippe_Neerman","http://fr.dbpedia.org/resource/Belgique",1930
"http://fr.dbpedia.org/resource/Philippe_Panerai","http://fr.dbpedia.org/resource/France",1940
"http://fr.dbpedia.org/resource/Philippe_de_La_Hire","http://fr.dbpedia.org/resource/France",1640
"http://fr.dbpedia.org/resource/Pier_Paolo_Maggiora","http://fr.dbpedia.org/resource/Italie",1943
"http://fr.dbpedia.org/resource/Piero_Gherardi","http://fr.dbpedia.org/resource/Italie",1909
"http://fr.dbpedia.org/resource/Piero_Portaluppi","http://fr.dbpedia.org/resource/Italie",1888
"http://fr.dbpedia.org/resource/Pierre-Alexandre_Richard","http://fr.dbpedia.org/resource/France",1836
"http://fr.dbpedia.org/resource/Pierre-Bernard_Lefranc","http://fr.dbpedia.org/resource/France",1795
"http://fr.dbpedia.org/resource/Pierre-Charles_Gourlier","http://fr.dbpedia.org/resource/France",1786
"http://fr.dbpedia.org/resource/Pierre-Jean-Baptiste_Thiac","http://fr.dbpedia.org/resource/France",1762
"http://fr.dbpedia.org/resource/Pierre-Jules_Delespine","http://fr.dbpedia.org/resource/France",1756
"http://fr.dbpedia.org/resource/Pierre-Julien_Pascal","http://fr.dbpedia.org/resource/France",1812
"http://fr.dbpedia.org/resource/Pierre_Bondon","http://fr.dbpedia.org/resource/Avignon",1716
"http://fr.dbpedia.org/resource/Pierre_Bossan","http://fr.dbpedia.org/resource/France",1814
"http://fr.dbpedia.org/resource/Pierre_Coupel","http://fr.dbpedia.org/resource/France",1899
"http://fr.dbpedia.org/resource/Pierre_Ferret_(1877-1949)","http://fr.dbpedia.org/resource/France",1877
"http://fr.dbpedia.org/resource/Pierre_Foretay","http://fr.dbpedia.org/resource/Suisse",1922
"http://fr.dbpedia.org/resource/Pierre_Humblet","http://fr.dbpedia.org/resource/Belges_(nationalité)",1918
"http://fr.dbpedia.org/resource/Pierre_Jarlier","http://fr.dbpedia.org/resource/Nationalité_française",1954
"http://fr.dbpedia.org/resource/Pierre_Jeanneret","http://fr.dbpedia.org/resource/Suisse",1896
"http://fr.dbpedia.org/resource/Pierre_Lallemand","http://fr.dbpedia.org/resource/Belgique",1959
"http://fr.dbpedia.org/resource/Pierre_Manguin","http://fr.dbpedia.org/resource/France",1815
"http://fr.dbpedia.org/resource/Pierre_Puget","http://fr.dbpedia.org/resource/Royaume_de_France",1620
"http://fr.dbpedia.org/resource/Pierre_Puttemans","http://fr.dbpedia.org/resource/Belgique",1933
"http://fr.dbpedia.org/resource/Pierre_de_Cortone","http://fr.dbpedia.org/resource/Italie",1596
"http://fr.dbpedia.org/resource/Pieter_Coecke_van_Aelst","http://fr.dbpedia.org/resource/Pays-Bas_des_Habsbourg",1502
"http://fr.dbpedia.org/resource/Pietro_Paolo_Floriani","http://fr.dbpedia.org/resource/Italiens",1585
"http://fr.dbpedia.org/resource/Prilidiano_Pueyrredón","http://fr.dbpedia.org/resource/Argentine",1823
"http://fr.dbpedia.org/resource/Prosper-Édouard_Bissuel","http://fr.dbpedia.org/resource/France",1840
"http://fr.dbpedia.org/resource/Pío_García-Escudero","http://fr.dbpedia.org/resource/Espagne",1952
"http://fr.dbpedia.org/resource/Rafael_Blomstedt","http://fr.dbpedia.org/resource/Finlande",1885
"http://fr.dbpedia.org/resource/Rafael_Masó_i_Valentí","http://fr.dbpedia.org/resource/Espagne",1880
"http://fr.dbpedia.org/resource/Ragnar_Östberg","http://fr.dbpedia.org/resource/Suède",1866
"http://fr.dbpedia.org/resource/Raili_Pietilä","http://fr.dbpedia.org/resource/Finlande",1926
"http://fr.dbpedia.org/resource/Raimundo_Infante","http://fr.dbpedia.org/resource/Chili",1928
"http://fr.dbpedia.org/resource/Rainer_G._Rümmler","http://fr.dbpedia.org/resource/Allemagne",1929
"http://fr.dbpedia.org/resource/Rainer_Mahlamäki","http://fr.dbpedia.org/resource/Finlande",1956
"http://fr.dbpedia.org/resource/Randall_Duell","http://fr.dbpedia.org/resource/États-Unis",1903
"http://fr.dbpedia.org/resource/Raquel_Alonso","http://fr.dbpedia.org/resource/Espagne",1991
"http://fr.dbpedia.org/resource/Raymond_Cornon","http://fr.dbpedia.org/resource/France",1908
"http://fr.dbpedia.org/resource/Raymond_Lopez","http://fr.dbpedia.org/resource/France",1904
"http://fr.dbpedia.org/resource/Reg_Butler","http://fr.dbpedia.org/resource/Royaume-Uni",1913
"http://fr.dbpedia.org/resource/Reginald_Blomfield","http://fr.dbpedia.org/resource/Royaume-Uni",1856
"http://fr.dbpedia.org/resource/Reima_Pietilä","http://fr.dbpedia.org/resource/Finlande",1923
"http://fr.dbpedia.org/resource/Rem_Koolhaas","http://fr.dbpedia.org/resource/Pays-Bas",1944
"http://fr.dbpedia.org/resource/Renaud_Bardon","http://fr.dbpedia.org/resource/France",1942
"http://fr.dbpedia.org/resource/René_Binet_(architecte)","http://fr.dbpedia.org/resource/France",1866
"http://fr.dbpedia.org/resource/René_Guillaume","http://fr.dbpedia.org/resource/France",1885
"http://fr.dbpedia.org/resource/René_Ribollet","http://fr.dbpedia.org/resource/France",1848
"http://fr.dbpedia.org/resource/René_Richer","http://fr.dbpedia.org/resource/Canada",1887
"http://fr.dbpedia.org/resource/Renée_Gailhoustet","http://fr.dbpedia.org/resource/France",1929
"http://fr.dbpedia.org/resource/Ricardo_Bofill","http://fr.dbpedia.org/resource/Espagne",1939
"http://fr.dbpedia.org/resource/Richard-François_Bonfin","http://fr.dbpedia.org/resource/France",1730
"http://fr.dbpedia.org/resource/Richard_Jordan_(architecte)","http://fr.dbpedia.org/resource/Autriche",1847
"http://fr.dbpedia.org/resource/Richard_M._Upjohn","http://fr.dbpedia.org/resource/États-Unis",1828
"http://fr.dbpedia.org/resource/Richard_Meier","http://fr.dbpedia.org/resource/États-Unis",1934
"http://fr.dbpedia.org/resource/Richard_Pringiers","http://fr.dbpedia.org/resource/Belgique",1869
"http://fr.dbpedia.org/resource/Richard_Rogers","http://fr.dbpedia.org/resource/Royaume-Uni",1933
"http://fr.dbpedia.org/resource/Risto-Veikko_Luukkonen","http://fr.dbpedia.org/resource/Finlande",1902
"http://fr.dbpedia.org/resource/Robert_Amy","http://fr.dbpedia.org/resource/Français",1904
"http://fr.dbpedia.org/resource/Robert_Libman","http://fr.dbpedia.org/resource/Canada",1960
"http://fr.dbpedia.org/resource/Robert_Maillart","http://fr.dbpedia.org/resource/Suisse",1872
"http://fr.dbpedia.org/resource/Robert_Venturi","http://fr.dbpedia.org/resource/États-Unis",1925
"http://fr.dbpedia.org/resource/Rogatien_Le_Nail","http://fr.dbpedia.org/resource/France",1877
"http://fr.dbpedia.org/resource/Roger_Gonthier","http://fr.dbpedia.org/resource/France",1884
"http://fr.dbpedia.org/resource/Roger_Katan","http://fr.dbpedia.org/resource/France",1931
"http://fr.dbpedia.org/resource/Roger_Souchère","http://fr.dbpedia.org/resource/France",1899
"http://fr.dbpedia.org/resource/Roland_Castro_(architecte)","http://fr.dbpedia.org/resource/Nationalité_française",1940
"http://fr.dbpedia.org/resource/Rolf_Jährling","http://fr.dbpedia.org/resource/Allemagne",1913
"http://fr.dbpedia.org/resource/Ruairi_Quinn","http://fr.dbpedia.org/resource/Irlande_(pays)",1946
"http://fr.dbpedia.org/resource/Régine_Charvet_Pello","http://fr.dbpedia.org/resource/France",1957
"http://fr.dbpedia.org/resource/Salomon_Köhlström","http://fr.dbpedia.org/resource/Finlande",1746
"http://fr.dbpedia.org/resource/Sarah_Winchester","http://fr.dbpedia.org/resource/États-Unis",1839
"http://fr.dbpedia.org/resource/Saul_Steinberg","http://fr.dbpedia.org/resource/Roumanie",1914
"http://fr.dbpedia.org/resource/Sebastiano_Serlio","http://fr.dbpedia.org/resource/Italie",1475
"http://fr.dbpedia.org/resource/Selim_Arvid_Lindqvist","http://fr.dbpedia.org/resource/Finlande",1867
"http://fr.dbpedia.org/resource/Semiray_Ahmedova","http://fr.dbpedia.org/resource/Luxembourg",1981
"http://fr.dbpedia.org/resource/Sepp_Rothauer","http://fr.dbpedia.org/resource/Autriche",1916
"http://fr.dbpedia.org/resource/Shigeru_Ban","http://fr.dbpedia.org/resource/Japon",1957
"http://fr.dbpedia.org/resource/Sidney_Dunnett","http://fr.dbpedia.org/resource/France",1837
"http://fr.dbpedia.org/resource/Sigurd_Lewerentz","http://fr.dbpedia.org/resource/Suède",1885
"http://fr.dbpedia.org/resource/Sigurd_Wallén","http://fr.dbpedia.org/resource/Suède",1884
"http://fr.dbpedia.org/resource/Siiri_Vallner","http://fr.dbpedia.org/resource/Estonie",1972
"http://fr.dbpedia.org/resource/Simo_Paavilainen","http://fr.dbpedia.org/resource/Finlande",1944
"http://fr.dbpedia.org/resource/Simon_Silvén","http://fr.dbpedia.org/resource/Finlande",1747
"http://fr.dbpedia.org/resource/Simon_Ungers","http://fr.dbpedia.org/resource/Allemagne",1957
"http://fr.dbpedia.org/resource/Sixto_Durán-Ballén","http://fr.dbpedia.org/resource/Équateur_(pays)",1921
"http://fr.dbpedia.org/resource/Sophie_Taeuber-Arp","http://fr.dbpedia.org/resource/France",1889
"http://fr.dbpedia.org/resource/Sophie_Taeuber-Arp","http://fr.dbpedia.org/resource/Suisse",1889
"http://fr.dbpedia.org/resource/Stanisław_Jankowski","http://fr.dbpedia.org/resource/Pologne",1911
"http://fr.dbpedia.org/resource/Stanisław_Wyspiański","http://fr.dbpedia.org/resource/Pologne",1869
"http://fr.dbpedia.org/resource/Stepan_Riabtchenko","http://fr.dbpedia.org/resource/Ukraine",1987
"http://fr.dbpedia.org/resource/Stephen_Gilbert","http://fr.dbpedia.org/resource/Royaume-Uni_",1910
"http://fr.dbpedia.org/resource/Steven_Holl","http://fr.dbpedia.org/resource/États-Unis",1947
"http://fr.dbpedia.org/resource/Sunay_Erdem","http://fr.dbpedia.org/resource/Turquie",1971
"http://fr.dbpedia.org/resource/Sven_Markelius","http://fr.dbpedia.org/resource/Suède",1889
"http://fr.dbpedia.org/resource/Sverre_Fehn","http://fr.dbpedia.org/resource/Norvège",1924
"http://fr.dbpedia.org/resource/Svetla_Otzetova","http://fr.dbpedia.org/resource/Bulgarie",1950
"http://fr.dbpedia.org/resource/Sylvain_Lhermitte","http://fr.dbpedia.org/resource/Français",1953
"http://fr.dbpedia.org/resource/Sylwester_Chruszcz","http://fr.dbpedia.org/resource/Pologne",1972
"http://fr.dbpedia.org/resource/Sándor_Tarics","http://fr.dbpedia.org/resource/Hongrie",1913
"http://fr.dbpedia.org/resource/Sébastien-Bernard_Seitz","http://fr.dbpedia.org/resource/France",1797
"http://fr.dbpedia.org/resource/Sébastien-Marcel_Biasini","http://fr.dbpedia.org/resource/France",1841
"http://fr.dbpedia.org/resource/Sébastien_Le_Prestre_de_Vauban","http://fr.dbpedia.org/resource/Royaume_de_France",1633
"http://fr.dbpedia.org/resource/Ted_Baillieu","http://fr.dbpedia.org/resource/Australie",1953
"http://fr.dbpedia.org/resource/Theanó_Fotíou","http://fr.dbpedia.org/resource/Grèce",1946
"http://fr.dbpedia.org/resource/Theo_van_Doesburg","http://fr.dbpedia.org/resource/Pays-Bas",1883
"http://fr.dbpedia.org/resource/Theodor_Decker","http://fr.dbpedia.org/resource/Finlande",1838
"http://fr.dbpedia.org/resource/Theodor_Granstedt","http://fr.dbpedia.org/resource/Finlande",1842
"http://fr.dbpedia.org/resource/Theodor_Höijer","http://fr.dbpedia.org/resource/Finlande",1843
"http://fr.dbpedia.org/resource/Thierry_Melot","http://fr.dbpedia.org/resource/France",1945
"http://fr.dbpedia.org/resource/Thom_Mayne","http://fr.dbpedia.org/resource/États-Unis",1944
"http://fr.dbpedia.org/resource/Thomas_Brassey","http://fr.dbpedia.org/resource/Royaume-Uni",1805
"http://fr.dbpedia.org/resource/Thomas_Jefferson","http://fr.dbpedia.org/resource/États-Unis",1743
"http://fr.dbpedia.org/resource/Thomas_Walter_(architecte)","http://fr.dbpedia.org/resource/États-Unis",1804
"http://fr.dbpedia.org/resource/Théodore_Ballu","http://fr.dbpedia.org/resource/France",1817
"http://fr.dbpedia.org/resource/Théodore_Eberhard","http://fr.dbpedia.org/resource/Luxembourg",1812
"http://fr.dbpedia.org/resource/Théophile_Bourgeois","http://fr.dbpedia.org/resource/France",1858
"http://fr.dbpedia.org/resource/Timo_Penttilä","http://fr.dbpedia.org/resource/Finlande",1931
"http://fr.dbpedia.org/resource/Timo_Suomalainen","http://fr.dbpedia.org/resource/Finlande",1928
"http://fr.dbpedia.org/resource/Toma_Rosandić","http://fr.dbpedia.org/resource/Yougoslaves",1878
"http://fr.dbpedia.org/resource/Toma_T._Socolescu","http://fr.dbpedia.org/resource/Roumanie",1883
"http://fr.dbpedia.org/resource/Tomás_Saraceno","http://fr.dbpedia.org/resource/Argentine",1973
"http://fr.dbpedia.org/resource/Tony_Ferret","http://fr.dbpedia.org/resource/France",1850
"http://fr.dbpedia.org/resource/Tony_Smith_(sculpteur)","http://fr.dbpedia.org/resource/États-Unis",1912
"http://fr.dbpedia.org/resource/Torben_Grut","http://fr.dbpedia.org/resource/Suède",1871
"http://fr.dbpedia.org/resource/Toyō_Itō","http://fr.dbpedia.org/resource/Japon",1941
"http://fr.dbpedia.org/resource/Tumas_Dingli","http://fr.dbpedia.org/resource/Malte",1591
"http://fr.dbpedia.org/resource/Tuomo_Suomalainen","http://fr.dbpedia.org/resource/Finlande",1931
"http://fr.dbpedia.org/resource/Tuuli_Petäjä","http://fr.dbpedia.org/resource/Finlande",1983
"http://fr.dbpedia.org/resource/Ulrik_Plesner","http://fr.dbpedia.org/resource/Danemark",1861
"http://fr.dbpedia.org/resource/Uno_Ullberg","http://fr.dbpedia.org/resource/Finlande",1879
"http://fr.dbpedia.org/resource/Urho_August_Orola","http://fr.dbpedia.org/resource/Finlande",1887
"http://fr.dbpedia.org/resource/Ursula_Schwaller","http://fr.dbpedia.org/resource/Suisse",1976
"http://fr.dbpedia.org/resource/Valentinas_Mazuronis","http://fr.dbpedia.org/resource/Lituanie",1953
"http://fr.dbpedia.org/resource/Valter_Jung","http://fr.dbpedia.org/resource/Finlande",1879
"http://fr.dbpedia.org/resource/Valter_Thomé","http://fr.dbpedia.org/resource/Finlande",1874
"http://fr.dbpedia.org/resource/Victoire_Durand-Gasselin","http://fr.dbpedia.org/resource/Nationalité_française",1908
"http://fr.dbpedia.org/resource/Victor_Baltard","http://fr.dbpedia.org/resource/France",1805
"http://fr.dbpedia.org/resource/Victor_Boelens","http://fr.dbpedia.org/resource/Belgique",1872
"http://fr.dbpedia.org/resource/Victor_Bourgeois","http://fr.dbpedia.org/resource/Belgique",1897
"http://fr.dbpedia.org/resource/Victor_Delhez","http://fr.dbpedia.org/resource/Belgique",1902
"http://fr.dbpedia.org/resource/Victor_Dubois","http://fr.dbpedia.org/resource/France",1779
"http://fr.dbpedia.org/resource/Victor_Horta","http://fr.dbpedia.org/resource/Nationalité_belge",1861
"http://fr.dbpedia.org/resource/Victor_Lenoir","http://fr.dbpedia.org/resource/France",1805
"http://fr.dbpedia.org/resource/Victor_Pasmore","http://fr.dbpedia.org/resource/Royaume-Uni",1908
"http://fr.dbpedia.org/resource/Victor_Rogister","http://fr.dbpedia.org/resource/Belgique",1874
"http://fr.dbpedia.org/resource/Viggo_Dorph-Petersen","http://fr.dbpedia.org/resource/Danemark",1851
"http://fr.dbpedia.org/resource/Viktor_Hartmann","http://fr.dbpedia.org/resource/Russie",1834
"http://fr.dbpedia.org/resource/Viktor_Kovačić","http://fr.dbpedia.org/resource/Croatie",1874
"http://fr.dbpedia.org/resource/Vilho_Penttilä","http://fr.dbpedia.org/resource/Finlande",1868
"http://fr.dbpedia.org/resource/Viljo_Revell","http://fr.dbpedia.org/resource/Finlande",1910
"http://fr.dbpedia.org/resource/Vincent_Callebaut","http://fr.dbpedia.org/resource/Belgique",1977
"http://fr.dbpedia.org/resource/Vincent_Mangeat","http://fr.dbpedia.org/resource/Suisse",1941
"http://fr.dbpedia.org/resource/Vladimir_Couprianoff","http://fr.dbpedia.org/resource/Nationalité_française",1919
"http://fr.dbpedia.org/resource/Vladimir_Tatline","http://fr.dbpedia.org/resource/Union_des_républiques_socialistes_soviétiques",1885
"http://fr.dbpedia.org/resource/Väinö_Vähäkallio","http://fr.dbpedia.org/resource/Finlande",1886
"http://fr.dbpedia.org/resource/Víctor_Naudi_Zamora","http://fr.dbpedia.org/resource/Andorre",1958
"http://fr.dbpedia.org/resource/Waldemar_Andersin","http://fr.dbpedia.org/resource/Finlande",1870
"http://fr.dbpedia.org/resource/Waldemar_Wilenius","http://fr.dbpedia.org/resource/Finlande",1868
"http://fr.dbpedia.org/resource/Walter_Bresseleers","http://fr.dbpedia.org/resource/Nationalité_belge",1927
"http://fr.dbpedia.org/resource/Walter_Haag","http://fr.dbpedia.org/resource/Allemagne",1898
"http://fr.dbpedia.org/resource/Walter_Runeberg","http://fr.dbpedia.org/resource/Finlande",1838
"http://fr.dbpedia.org/resource/Wang_Shu","http://fr.dbpedia.org/resource/Chine",1963
"http://fr.dbpedia.org/resource/Werner_March","http://fr.dbpedia.org/resource/Allemagne",1894
"http://fr.dbpedia.org/resource/Werner_Polón","http://fr.dbpedia.org/resource/Finlande",1863
"http://fr.dbpedia.org/resource/Werner_Ruhnau","http://fr.dbpedia.org/resource/Allemagne",1922
"http://fr.dbpedia.org/resource/Werner_Sobek","http://fr.dbpedia.org/resource/Allemagne",1953
"http://fr.dbpedia.org/resource/Werner_von_Essen","http://fr.dbpedia.org/resource/Finlande",1875
"http://fr.dbpedia.org/resource/Wilhelm_Böckmann","http://fr.dbpedia.org/resource/Royaume_de_Prusse",1832
"http://fr.dbpedia.org/resource/Wilhelm_Denninger","http://fr.dbpedia.org/resource/Allemagne",1899
"http://fr.dbpedia.org/resource/Wilhelm_Reue","http://fr.dbpedia.org/resource/Allemagne",1893
"http://fr.dbpedia.org/resource/William_F._Baker","http://fr.dbpedia.org/resource/États-Unis",1953
"http://fr.dbpedia.org/resource/William_Flannery","http://fr.dbpedia.org/resource/États-Unis",1898
"http://fr.dbpedia.org/resource/William_Henry_Lynn","http://fr.dbpedia.org/resource/Royaume-Uni",1829
"http://fr.dbpedia.org/resource/William_Morris","http://fr.dbpedia.org/resource/Angleterre",1834
"http://fr.dbpedia.org/resource/William_Tite","http://fr.dbpedia.org/resource/Droit_de_la_nationalité_et_de_la_citoyenneté_britannique",1798
"http://fr.dbpedia.org/resource/Wojciech_Zabłocki","http://fr.dbpedia.org/resource/Pologne",1930
"http://fr.dbpedia.org/resource/Woldemar_Baeckman_(architecte)","http://fr.dbpedia.org/resource/Finlande",1911
"http://fr.dbpedia.org/resource/Wolf_D._Prix","http://fr.dbpedia.org/resource/Autriche",1942
"http://fr.dbpedia.org/resource/Wäinö_Gustaf_Palmqvist","http://fr.dbpedia.org/resource/Finlande",1882
"http://fr.dbpedia.org/resource/Yahya_Abdul-Mateen_II","http://fr.dbpedia.org/resource/États-Unis",1986
"http://fr.dbpedia.org/resource/Yeşim_Ustaoğlu","http://fr.dbpedia.org/resource/Turquie",1960
"http://fr.dbpedia.org/resource/Yomana_Koteich","http://fr.dbpedia.org/resource/Venezuela",1966
"http://fr.dbpedia.org/resource/Yrjö_Blomstedt","http://fr.dbpedia.org/resource/Finlande",1871
"http://fr.dbpedia.org/resource/Yrjö_Lindegren","http://fr.dbpedia.org/resource/Finlande",1900
"http://fr.dbpedia.org/resource/Zaha_Hadid","http://fr.dbpedia.org/resource/Royaume-Uni",1950
"http://fr.dbpedia.org/resource/Zdzisław_Otello_Horodecki","http://fr.dbpedia.org/resource/Pologne",1948
"http://fr.dbpedia.org/resource/Zvonko_Petričević","http://fr.dbpedia.org/resource/Yougoslavie",1940
"http://fr.dbpedia.org/resource/Édouard-Jean_Niermans","http://fr.dbpedia.org/resource/Pays-Bas",1859
"http://fr.dbpedia.org/resource/Édouard_Corroyer","http://fr.dbpedia.org/resource/France",1835
"http://fr.dbpedia.org/resource/Émile_Boutin_(peintre)","http://fr.dbpedia.org/resource/France",1874
"http://fr.dbpedia.org/resource/Émile_Coulon","http://fr.dbpedia.org/resource/Belgique",1825
"http://fr.dbpedia.org/resource/Émile_Deshayes","http://fr.dbpedia.org/resource/Belgique",1875
"http://fr.dbpedia.org/resource/Émile_Gaudissard","http://fr.dbpedia.org/resource/France",1872
"http://fr.dbpedia.org/resource/Étienne_Laclotte","http://fr.dbpedia.org/resource/France",1728
"http://fr.dbpedia.org/resource/Éva_Kaïlí","http://fr.dbpedia.org/resource/Grèce",1978
"http://fr.dbpedia.org/resource/Ödön_Lechner","http://fr.dbpedia.org/resource/Hongrie",1845
"http://fr.dbpedia.org/resource/Manfred_Wehdorn","http://fr.dbpedia.org/resource/Autriche",1942
"http://fr.dbpedia.org/resource/Manuel_Bayeu","http://fr.dbpedia.org/resource/Espagne",1740
"http://fr.dbpedia.org/resource/Manuelle_Gautrand","http://fr.dbpedia.org/resource/France",1961
"http://fr.dbpedia.org/resource/Marc_Barani","http://fr.dbpedia.org/resource/France",1957
"http://fr.dbpedia.org/resource/Marc_Hénard","http://fr.dbpedia.org/resource/France",1919
"http://fr.dbpedia.org/resource/Marcel_Kammerer","http://fr.dbpedia.org/resource/Autriche",1878
"http://fr.dbpedia.org/resource/Marcel_Lods","http://fr.dbpedia.org/resource/France",1891
"http://fr.dbpedia.org/resource/Marcel_Spittael","http://fr.dbpedia.org/resource/Belgique",1899
"http://fr.dbpedia.org/resource/Marcel_Van_Goethem","http://fr.dbpedia.org/resource/Belgique",1900
"http://fr.dbpedia.org/resource/Marcell_Komor","http://fr.dbpedia.org/resource/Hongrie",1868
"http://fr.dbpedia.org/resource/Marcello_Piacentini","http://fr.dbpedia.org/resource/Italie",1881
"http://fr.dbpedia.org/resource/Marco_Casagrande","http://fr.dbpedia.org/resource/Finlande",1971
"http://fr.dbpedia.org/resource/Mariano_Arana","http://fr.dbpedia.org/resource/Uruguay",1933
"http://fr.dbpedia.org/resource/Marie-José_Van_Hee","http://fr.dbpedia.org/resource/Belgique",1950
"http://fr.dbpedia.org/resource/Marine_Miroux","http://fr.dbpedia.org/resource/France",1977
"http://fr.dbpedia.org/resource/Mario_Botta","http://fr.dbpedia.org/resource/Suisse",1943
"http://fr.dbpedia.org/resource/Mario_Occhiuto","http://fr.dbpedia.org/resource/Italie",1964
"http://fr.dbpedia.org/resource/Mario_Palanti","http://fr.dbpedia.org/resource/Italie",1885
"http://fr.dbpedia.org/resource/Marius_Boyer","http://fr.dbpedia.org/resource/France",1885
"http://fr.dbpedia.org/resource/Marius_Dufresne","http://fr.dbpedia.org/resource/Canada",1883
"http://fr.dbpedia.org/resource/Marjorie_Eaton","http://fr.dbpedia.org/resource/États-Unis",1901
"http://fr.dbpedia.org/resource/Marta_de_Cidrac","http://fr.dbpedia.org/resource/Nationalité_française",1964
"http://fr.dbpedia.org/resource/Martti_Jaatinen","http://fr.dbpedia.org/resource/Finlande",1928
"http://fr.dbpedia.org/resource/Martti_Välikangas","http://fr.dbpedia.org/resource/Finlande",1893
"http://fr.dbpedia.org/resource/Martín_de_Aldehuela","http://fr.dbpedia.org/resource/Espagne",1729
"http://fr.dbpedia.org/resource/Mathias_Gerl","http://fr.dbpedia.org/resource/Autriche",1712
"http://fr.dbpedia.org/resource/Matti_Sanaksenaho","http://fr.dbpedia.org/resource/Finlande",1966
"http://fr.dbpedia.org/resource/Mauritz_Gripenberg","http://fr.dbpedia.org/resource/Finlande",1869
"http://fr.dbpedia.org/resource/Max_Rée","http://fr.dbpedia.org/resource/Danemark",1889
"http://fr.dbpedia.org/resource/Max_von_Ferstel","http://fr.dbpedia.org/resource/Autriche",1859
"http://fr.dbpedia.org/resource/Maxime_Brunfaut","http://fr.dbpedia.org/resource/Belgique",1909
"http://fr.dbpedia.org/resource/Melchior_Jeurgen","http://fr.dbpedia.org/resource/Belgique",1888
"http://fr.dbpedia.org/resource/Michael_Schmid_(homme_politique)","http://fr.dbpedia.org/resource/Autriche",1945
"http://fr.dbpedia.org/resource/Michel_Bardoul_de_la_Bigottière","http://fr.dbpedia.org/resource/France",1752
"http://fr.dbpedia.org/resource/Michel_Jaspers","http://fr.dbpedia.org/resource/Belgique",1935
"http://fr.dbpedia.org/resource/Michel_Kagan","http://fr.dbpedia.org/resource/France",1953
"http://fr.dbpedia.org/resource/Michel_Mossessian","http://fr.dbpedia.org/resource/France",1959
"http://fr.dbpedia.org/resource/Michel_de_Klerk","http://fr.dbpedia.org/resource/Pays-Bas",1884
"http://fr.dbpedia.org/resource/Mihailo_Valtrović","http://fr.dbpedia.org/resource/Serbie",1839
"http://fr.dbpedia.org/resource/Mihály_Pollack","http://fr.dbpedia.org/resource/Hongrie",1773
"http://fr.dbpedia.org/resource/Mikhaïl_Possokhine","http://fr.dbpedia.org/resource/Union_des_républiques_socialistes_soviétiques",1910
"http://fr.dbpedia.org/resource/Miklós_Ybl","http://fr.dbpedia.org/resource/Hongrie",1814
"http://fr.dbpedia.org/resource/Milan_Marić_(architecte)","http://fr.dbpedia.org/resource/Serbie",1940
"http://fr.dbpedia.org/resource/Milan_Zloković","http://fr.dbpedia.org/resource/Serbie",1898
"http://fr.dbpedia.org/resource/Milorad_Ruvidić","http://fr.dbpedia.org/resource/Serbie",1863
"http://fr.dbpedia.org/resource/Min_Hyeon_Sik","http://fr.dbpedia.org/resource/Corée_du_Sud",1946
"http://fr.dbpedia.org/resource/Mir_Hossein_Moussavi","http://fr.dbpedia.org/resource/Iran",1941
"http://fr.dbpedia.org/resource/Mirco_Ravanne","http://fr.dbpedia.org/resource/Italie",1928
